,Id,Title,Ww_gross,Dom_gross,Fore_gross,Year
0,tt0499549,Avatar,"$2,923,706,026","$785,221,649","$2,138,484,377",2009
1,tt4154796,Avengers: Endgame,"$2,799,439,100","$858,373,000","$1,941,066,100",2019
2,tt1630029,Avatar: The Way of Water,"$2,320,250,281","$684,075,767","$1,636,174,514",2022
3,tt0120338,Titanic,"$2,264,743,305","$674,292,608","$1,590,450,697",1997
4,tt2488496,Star Wars: Episode VII - The Force Awakens,"$2,071,310,218","$936,662,225","$1,134,647,993",2015
5,tt4154756,Avengers: Infinity War,"$2,052,415,039","$678,815,482","$1,373,599,557",2018
6,tt10872600,Spider-Man: No Way Home,"$1,921,847,111","$814,115,070","$1,107,732,041",2021
7,tt0369610,Jurassic World,"$1,671,537,444","$653,406,625","$1,018,130,819",2015
8,tt6105098,The Lion King,"$1,663,075,401","$543,638,043","$1,119,437,358",2019
9,tt0848228,The Avengers,"$1,520,538,536","$623,357,910","$897,180,626",2012
10,tt2820852,Furious 7,"$1,515,341,399","$353,007,020","$1,162,334,379",2015
11,tt1745960,Top Gun: Maverick,"$1,493,491,858","$718,732,821","$774,759,037",2022
12,tt4520988,Frozen II,"$1,453,683,476","$477,373,578","$976,309,898",2019
13,tt2395427,Avengers: Age of Ultron,"$1,405,018,048","$459,005,868","$946,012,180",2015
14,tt1825683,Black Panther,"$1,349,926,083","$700,426,566","$649,499,517",2018
15,tt1201607,Harry Potter and the Deathly Hallows: Part 2,"$1,342,359,942","$381,447,587","$960,912,355",2011
16,tt2527336,Star Wars: Episode VIII - The Last Jedi,"$1,334,407,706","$620,181,382","$714,226,324",2017
17,tt4881806,Jurassic World: Fallen Kingdom,"$1,310,466,296","$417,719,760","$892,746,536",2018
18,tt6718170,The Super Mario Bros. Movie,"$1,305,695,700","$567,225,690","$738,470,010",2023
19,tt2294629,Frozen,"$1,284,540,518","$400,953,009","$883,587,509",2013
20,tt2771200,Beauty and the Beast,"$1,266,115,964","$504,481,165","$761,634,799",2017
21,tt3606756,Incredibles 2,"$1,243,225,667","$608,581,744","$634,643,923",2018
22,tt4630562,The Fate of the Furious,"$1,236,005,118","$226,008,385","$1,009,996,733",2017
23,tt1300854,Iron Man 3,"$1,215,577,205","$409,013,994","$806,563,211",2013
24,tt2293640,Minions,"$1,159,444,662","$336,045,770","$823,398,892",2015
25,tt3498820,Captain America: Civil War,"$1,155,046,416","$408,084,349","$746,962,067",2016
26,tt1477834,Aquaman,"$1,148,528,393","$335,104,314","$813,424,079",2018
27,tt0167260,The Lord of the Rings: The Return of the King,"$1,147,633,833","$379,427,292","$768,206,541",2003
28,tt1074638,Skyfall,"$1,142,471,295","$304,360,277","$838,111,018",2012
29,tt6320628,Spider-Man: Far from Home,"$1,131,927,996","$390,532,085","$741,395,911",2019
30,tt4154664,Captain Marvel,"$1,131,416,446","$426,829,839","$704,586,607",2019
31,tt1399103,Transformers: Dark of the Moon,"$1,123,794,079","$352,390,543","$771,403,536",2011
32,tt0107290,Jurassic Park,"$1,109,802,321","$404,214,720","$705,587,601",1993
33,tt2109248,Transformers: Age of Extinction,"$1,104,054,072","$245,439,076","$858,614,996",2014
34,tt1345836,The Dark Knight Rises,"$1,081,169,825","$448,149,584","$633,020,241",2012
35,tt2527338,Star Wars: Episode IX - The Rise of Skywalker,"$1,077,022,372","$515,202,542","$561,819,830",2019
36,tt7286456,Joker,"$1,074,458,282","$335,477,657","$738,980,625",2019
37,tt1979376,Toy Story 4,"$1,073,841,394","$434,038,008","$639,803,386",2019
38,tt0435761,Toy Story 3,"$1,067,316,101","$415,004,880","$652,311,221",2010
39,tt0383574,Pirates of the Caribbean: Dead Man's Chest,"$1,066,179,747","$423,315,812","$642,863,935",2006
40,tt3748528,Rogue One: A Star Wars Story,"$1,058,682,142","$533,539,991","$525,142,151",2016
41,tt6139732,Aladdin,"$1,054,304,000","$355,559,216","$698,744,784",2019
42,tt1298650,Pirates of the Caribbean: On Stranger Tides,"$1,046,721,266","$241,071,802","$805,649,464",2011
43,tt3469046,Despicable Me 3,"$1,034,800,131","$264,624,300","$770,175,831",2017
44,tt2277860,Finding Dory,"$1,029,266,989","$486,295,561","$542,971,428",2016
45,tt0120915,Star Wars: Episode I - The Phantom Menace,"$1,027,082,707","$474,544,677","$552,538,030",1999
46,tt2948356,Zootopia,"$1,025,521,689","$341,268,248","$684,253,441",2016
47,tt1014759,Alice in Wonderland,"$1,025,468,216","$334,191,110","$691,277,106",2010
48,tt0241527,Harry Potter and the Sorcerer's Stone,"$1,023,842,938","$318,886,962","$704,955,976",2001
49,tt0903624,The Hobbit: An Unexpected Journey,"$1,017,030,651","$303,030,651","$714,000,000",2012
50,tt0468569,The Dark Knight,"$1,006,234,167","$534,987,076","$471,247,091",2008
51,tt8041270,Jurassic World: Dominion,"$1,001,978,080","$376,851,080","$625,127,000",2022
52,tt2283362,Jumanji: Welcome to the Jungle,"$995,339,117","$404,540,171","$590,798,946",2017
53,tt0926084,Harry Potter and the Deathly Hallows: Part 1,"$977,070,383","$296,374,621","$680,695,762",2010
54,tt1690953,Despicable Me 2,"$970,766,005","$368,065,385","$602,700,620",2013
55,tt0110357,The Lion King,"$968,511,805","$422,783,777","$545,728,028",1994
56,tt3040964,The Jungle Book,"$967,724,775","$364,001,123","$603,723,652",2016
57,tt2310332,The Hobbit: The Battle of the Five Armies,"$962,201,338","$255,138,261","$707,063,077",2014
58,tt0449088,Pirates of the Caribbean: At World's End,"$961,691,209","$309,420,425","$652,270,784",2007
59,tt1170358,The Hobbit: The Desolation of Smaug,"$959,027,992","$258,387,334","$700,640,658",2013
60,tt9419884,Doctor Strange in the Multiverse of Madness,"$955,775,804","$411,331,607","$544,444,197",2022
61,tt0167261,The Lord of the Rings: The Two Towers,"$947,944,270","$342,952,511","$604,991,759",2002
62,tt0373889,Harry Potter and the Order of the Phoenix,"$942,278,045","$292,382,727","$649,895,318",2007
63,tt0266543,Finding Nemo,"$941,637,960","$380,843,261","$560,794,699",2003
64,tt5113044,Minions: The Rise of Gru,"$939,628,210","$369,695,210","$569,933,000",2022
65,tt0417741,Harry Potter and the Half-Blood Prince,"$934,519,387","$302,334,374","$632,185,013",2009
66,tt0298148,Shrek 2,"$928,760,770","$441,226,247","$487,534,523",2004
67,tt0295297,Harry Potter and the Chamber of Secrets,"$925,668,380","$262,641,637","$663,026,743",2002
68,tt1727824,Bohemian Rhapsody,"$910,809,311","$216,668,042","$694,141,269",2018
69,tt13462900,The Battle at Lake Changjin,"$902,548,476","$342,411","$902,206,065",2021
70,tt0120737,The Lord of the Rings: The Fellowship of the Ring,"$898,204,420","$316,115,420","$582,089,000",2001
71,tt0330373,Harry Potter and the Goblet of Fire,"$896,815,106","$290,469,928","$606,345,178",2005
72,tt0413300,Spider-Man 3,"$894,983,373","$336,530,303","$558,453,070",2007
73,tt2709768,The Secret Life of Pets,"$894,328,469","$368,384,330","$525,944,139",2016
74,tt1080016,Ice Age: Dawn of the Dinosaurs,"$886,686,817","$196,573,705","$690,113,112",2009
75,tt2379713,Spectre,"$880,705,312","$200,074,609","$680,630,703",2015
76,tt2250912,Spider-Man: Homecoming,"$880,166,924","$334,201,140","$545,965,784",2017
77,tt1667889,Ice Age: Continental Drift,"$877,244,782","$161,321,843","$715,922,939",2012
78,tt2975590,Batman v Superman: Dawn of Justice,"$873,637,528","$330,360,194","$543,277,334",2016
79,tt7131870,Wolf Warrior 2,"$870,325,439","$2,721,100","$867,604,339",2017
80,tt1375666,Inception,"$870,110,523","$292,587,330","$577,523,193",2010
81,tt0121766,Star Wars: Episode III - Revenge of the Sith,"$868,390,560","$380,270,577","$488,119,983",2005
82,tt1951264,The Hunger Games: Catching Fire,"$865,011,746","$424,668,047","$440,343,699",2013
83,tt3896198,Guardians of the Galaxy Vol. 2,"$863,756,051","$389,813,101","$473,942,950",2017
84,tt9114286,Black Panther: Wakanda Forever,"$859,208,836","$453,829,060","$405,379,776",2022
85,tt2096673,Inside Out,"$858,848,019","$356,921,711","$501,926,308",2015
86,tt1270797,Venom,"$856,085,151","$213,515,506","$642,569,645",2018
87,tt3501632,Thor: Ragnarok,"$855,301,806","$315,058,289","$540,243,517",2017
88,tt1673434,The Twilight Saga: Breaking Dawn - Part 2,"$848,593,948","$292,324,737","$556,269,211",2012
89,tt1055369,Transformers: Revenge of the Fallen,"$836,303,693","$402,111,870","$434,191,823",2009
90,tt0145487,Spider-Man,"$825,025,036","$407,022,860","$418,002,176",2002
91,tt0451279,Wonder Woman,"$822,854,286","$412,845,172","$410,009,114",2017
92,tt13364790,"Hi, Mom","$822,009,764",-,"$822,009,764",2021
93,tt0116629,Independence Day,"$817,400,891","$306,169,268","$511,231,623",1996
94,tt2380307,Coco,"$814,337,054","$210,460,015","$603,877,039",2017
95,tt3183660,Fantastic Beasts and Where to Find Them,"$814,044,001","$234,037,575","$580,006,426",2016
96,tt0413267,Shrek the Third,"$813,367,380","$322,719,944","$490,647,436",2007
97,tt7975244,Jumanji: The Next Level,"$801,693,929","$320,314,960","$481,378,969",2019
98,tt0304141,Harry Potter and the Prisoner of Azkaban,"$797,660,766","$250,105,651","$547,555,115",2004
99,tt1790809,Pirates of the Caribbean: Dead Men Tell No Tales,"$795,922,298","$172,558,876","$623,363,422",2017
100,tt0083866,E.T. the Extra-Terrestrial,"$792,910,554","$437,141,279","$355,769,275",1982
101,tt4912910,Mission: Impossible - Fallout,"$791,657,398","$220,159,104","$571,498,294",2018
102,tt1190080,2012,"$791,217,826","$166,112,167","$625,105,659",2009
103,tt0367882,Indiana Jones and the Kingdom of the Crystal Skull,"$790,653,942","$317,101,119","$473,552,823",2008
104,tt0316654,Spider-Man 2,"$788,976,453","$373,585,825","$415,390,628",2004
105,tt1905041,Fast & Furious 6,"$788,680,968","$238,679,850","$550,001,118",2013
106,tt5463162,Deadpool 2,"$785,896,609","$324,591,735","$461,304,874",2018
107,tt6791350,Guardians of the Galaxy Vol. 3,"$784,686,091","$325,988,564","$458,697,527",2023
108,tt1431045,Deadpool,"$782,836,791","$363,070,709","$419,766,082",2016
109,tt0076759,Star Wars: Episode IV - A New Hope,"$775,398,007","$460,998,507","$314,399,500",1977
110,tt2382320,No Time to Die,"$774,153,007","$160,891,007","$613,262,000",2021
111,tt0816692,Interstellar,"$773,430,538","$188,020,017","$585,410,521",2014
112,tt2015381,Guardians of the Galaxy,"$773,350,147","$333,718,600","$439,631,547",2014
113,tt1877830,The Batman,"$770,962,583","$369,345,583","$401,617,000",2022
114,tt10648342,Thor: Love and Thunder,"$760,928,081","$343,256,830","$417,671,251",2022
115,tt6806448,Fast & Furious Presents: Hobbs & Shaw,"$760,732,926","$173,956,935","$586,775,991",2019
116,tt0382625,The Da Vinci Code,"$760,006,945","$217,536,138","$542,470,807",2006
117,tt1587310,Maleficent,"$759,853,685","$241,410,378","$518,443,307",2014
118,tt0948470,The Amazing Spider-Man,"$757,930,663","$262,030,663","$495,900,000",2012
119,tt1951265,The Hunger Games: Mockingjay - Part 1,"$755,356,711","$337,135,885","$418,220,826",2014
120,tt0892791,Shrek Forever After,"$752,600,867","$238,736,787","$513,864,080",2010
121,tt1454468,Gravity,"$748,049,949","$274,092,705","$473,957,244",2013
122,tt1277953,Madagascar 3: Europe's Most Wanted,"$746,921,274","$216,391,482","$530,529,792",2012
123,tt1386697,Suicide Squad,"$746,846,894","$325,100,054","$421,746,840",2016
124,tt1877832,X-Men: Days of Future Past,"$746,045,700","$233,921,534","$512,124,166",2014
125,tt0363771,"The Chronicles of Narnia: The Lion, the Witch and the Wardrobe","$745,013,115","$291,710,957","$453,302,158",2005
126,tt1453405,Monsters University,"$743,559,645","$268,492,764","$475,066,881",2013
127,tt0234215,The Matrix Reloaded,"$741,847,937","$281,576,461","$460,271,476",2003
128,tt1049413,Up,"$735,099,102","$293,004,164","$442,094,938",2009
129,tt10627720,Ne Zha,"$726,264,074","$3,695,533","$722,568,541",2019
130,tt5433138,F9: The Fast Saga,"$726,229,501","$173,005,945","$553,223,556",2021
131,tt1843866,Captain America: The Winter Soldier,"$714,421,503","$259,766,572","$454,654,931",2014
132,tt1324999,The Twilight Saga: Breaking Dawn - Part 1,"$712,205,856","$281,287,133","$430,918,723",2011
133,tt1259571,The Twilight Saga: New Moon,"$711,025,481","$297,816,253","$413,209,228",2009
134,tt2103281,Dawn of the Planet of the Apes,"$710,644,566","$208,545,589","$502,098,977",2014
135,tt0418279,Transformers,"$709,709,780","$319,246,193","$390,463,587",2007
136,tt1872181,The Amazing Spider-Man 2,"$708,982,323","$202,853,933","$506,128,390",2014
137,tt1396484,It,"$701,842,551","$328,874,981","$372,967,570",2017
138,tt7605074,The Wandering Earth,"$699,992,512","$5,971,413","$694,021,099",2019
139,tt1325004,The Twilight Saga: Eclipse,"$698,509,825","$300,531,751","$397,978,074",2010
140,tt1229238,Mission: Impossible - Ghost Protocol,"$694,713,380","$209,397,903","$485,315,477",2011
141,tt0795421,Mamma Mia!,"$694,476,782","$144,169,664","$550,307,118",2008
142,tt1392170,The Hunger Games,"$694,394,724","$408,010,692","$286,384,032",2012
143,tt10370822,Detective Chinatown 3,"$686,257,563",-,"$686,257,563",2021
144,tt2381249,Mission: Impossible - Rogue Nation,"$682,716,636","$195,042,377","$487,674,259",2015
145,tt3521164,Moana,"$682,685,900","$248,757,044","$433,928,856",2016
146,tt0109830,Forrest Gump,"$678,226,465","$330,455,270","$347,771,195",1994
147,tt1211837,Doctor Strange,"$677,796,076","$232,641,920","$445,154,156",2016
148,tt0167404,The Sixth Sense,"$672,806,432","$293,506,292","$379,300,140",1999
149,tt0770828,Man of Steel,"$668,045,518","$291,045,518","$377,000,000",2013
150,tt0438097,Ice Age: The Meltdown,"$667,094,506","$195,330,621","$471,763,885",2006
151,tt1302011,Kung Fu Panda 2,"$665,692,281","$165,249,063","$500,443,218",2011
152,tt0974015,Justice League,"$657,926,987","$229,024,295","$428,902,692",2017
153,tt2245084,Big Hero 6,"$657,869,686","$222,527,828","$435,341,858",2014
154,tt4123430,Fantastic Beasts: The Crimes of Grindelwald,"$654,855,901","$159,555,901","$495,300,000",2018
155,tt0325980,Pirates of the Caribbean: The Curse of the Black Pearl,"$654,264,015","$305,413,918","$348,850,097",2003
156,tt1409024,Men in Black 3,"$654,213,485","$179,020,854","$475,192,631",2012
157,tt0121765,Star Wars: Episode II - Attack of the Clones,"$653,779,970","$310,676,740","$343,103,230",2002
158,tt1951266,The Hunger Games: Mockingjay - Part 2,"$653,428,261","$281,723,902","$371,704,359",2015
159,tt1981115,Thor: The Dark World,"$644,783,140","$206,362,140","$438,421,000",2013
160,tt3470600,Sing,"$634,338,384","$270,578,425","$363,759,959",2016
161,tt0441773,Kung Fu Panda,"$632,083,197","$215,771,591","$416,311,606",2008
162,tt0317705,The Incredibles,"$631,607,053","$261,441,092","$370,165,961",2004
163,tt3659388,The Martian,"$630,620,818","$228,433,663","$402,187,155",2015
164,tt0448157,Hancock,"$629,443,428","$227,946,274","$401,497,154",2008
165,tt16194408,Water Gate Bridge,"$626,571,697","$117,294","$626,454,403",2022
166,tt1596343,Fast Five,"$626,137,675","$209,837,675","$416,300,000",2011
167,tt1228705,Iron Man 2,"$623,933,331","$312,433,331","$311,500,000",2010
168,tt0382932,Ratatouille,"$623,726,085","$206,445,654","$417,280,431",2007
169,tt5095030,Ant-Man and the Wasp,"$622,674,139","$216,648,740","$406,025,399",2018
170,tt1646971,How to Train Your Dragon 2,"$621,537,519","$177,002,924","$444,534,595",2014
171,tt3315342,Logan,"$619,179,950","$226,277,068","$392,902,882",2017
172,tt0119567,The Lost World: Jurassic Park,"$618,638,999","$229,086,679","$389,552,320",1997
173,tt5433140,Fast X,"$618,305,280","$131,177,430","$487,127,850",2023
174,tt0381061,Casino Royale,"$616,505,162","$167,445,960","$449,059,202",2006
175,tt0335345,The Passion of the Christ,"$612,054,506","$370,782,930","$241,271,576",2004
176,tt0454876,Life of Pi,"$609,016,565","$124,987,023","$484,029,542",2012
177,tt1677720,Ready Player One,"$607,274,134","$137,715,350","$469,558,784",2018
178,tt3371366,Transformers: The Last Knight,"$605,425,157","$130,168,683","$475,256,474",2017
179,tt0479952,Madagascar: Escape 2 Africa,"$603,900,354","$180,010,950","$423,889,404",2008
180,tt0407304,War of the Worlds,"$603,873,119","$234,280,354","$369,592,765",2005
181,tt0398286,Tangled,"$592,462,816","$200,821,936","$391,640,880",2010
182,tt0830515,Quantum of Solace,"$589,580,482","$168,368,427","$421,212,055",2008
183,tt0119654,Men in Black,"$589,390,539","$250,690,539","$338,700,000",1997
184,tt0481499,The Croods,"$587,235,983","$187,168,425","$400,067,558",2013
185,tt1411697,The Hangover Part II,"$586,764,305","$254,464,305","$332,300,000",2011
186,tt0371746,Iron Man,"$585,796,247","$319,034,126","$266,762,121",2008
187,tt0480249,I Am Legend,"$585,410,052","$256,393,010","$329,017,042",2007
188,tt0198781,"Monsters, Inc.","$579,707,738","$290,642,256","$289,065,482",2001
189,tt6878882,Operation Red Sea,"$579,330,426","$1,543,547","$577,786,879",2018
190,tt0477347,Night at the Museum,"$574,481,229","$250,863,268","$323,617,961",2006
191,tt2322441,Fifty Shades of Grey,"$569,651,467","$166,167,230","$403,484,237",2015
192,tt3731562,Kong: Skull Island,"$566,652,812","$168,052,812","$398,600,000",2017
193,tt0472181,The Smurfs,"$563,749,323","$142,614,158","$421,135,165",2011
194,tt1216475,Cars 2,"$559,852,396","$191,452,396","$368,400,000",2011
195,tt0360717,King Kong,"$556,906,378","$218,080,025","$338,826,353",2005
196,tt0448694,Puss in Boots,"$554,987,477","$149,260,504","$405,726,973",2011
197,tt4701660,The Mermaid,"$553,810,228","$3,232,685","$550,577,543",2016
198,tt0120591,Armageddon,"$553,709,788","$201,578,182","$352,131,606",1998
199,tt0319262,The Day After Tomorrow,"$552,639,571","$186,740,799","$365,898,772",2004
200,tt1637725,Ted,"$549,368,315","$218,815,487","$330,552,828",2012
201,tt2179136,American Sniper,"$547,459,020","$350,159,020","$197,300,000",2014
202,tt0120755,Mission: Impossible II,"$546,388,108","$215,409,889","$330,978,219",2000
203,tt7752454,Detective Chinatown 2,"$544,185,156","$1,983,984","$542,201,172",2018
204,tt3385516,X-Men: Apocalypse,"$543,934,105","$155,442,489","$388,491,616",2016
205,tt1515091,Sherlock Holmes: A Game of Shadows,"$543,848,418","$186,848,418","$357,000,000",2011
206,tt1323594,Despicable Me,"$543,157,985","$251,557,985","$291,600,000",2010
207,tt1661199,Cinderella,"$542,358,331","$201,151,353","$341,206,978",2015
208,tt0351283,Madagascar,"$542,063,846","$193,595,521","$348,468,325",2005
209,tt0816711,World War Z,"$540,455,876","$202,807,711","$337,648,165",2013
210,tt1217209,Brave,"$538,983,207","$237,283,207","$301,700,000",2012
211,tt0080684,Star Wars: Episode V - The Empire Strikes Back,"$538,375,067","$292,753,960","$245,621,107",1980
212,tt0462538,The Simpsons Movie,"$536,414,293","$183,135,014","$353,279,279",2007
213,tt1663202,The Revenant,"$532,950,503","$183,637,894","$349,312,609",2015
214,tt4779682,The Meg,"$530,517,320","$145,522,784","$384,994,536",2018
215,tt5848272,Ralph Breaks the Internet,"$529,323,962","$201,091,711","$328,232,251",2018
216,tt5220122,Hotel Transylvania 3: Summer Vacation,"$528,583,774","$167,510,016","$361,073,758",2018
217,tt3874544,The Boss Baby,"$527,965,936","$175,003,033","$352,962,903",2017
218,tt5013056,Dunkirk,"$527,016,307","$189,740,665","$337,275,642",2017
219,tt2709692,The Grinch,"$526,760,632","$271,384,731","$255,375,901",2018
220,tt0831387,Godzilla,"$524,976,069","$200,676,069","$324,300,000",2014
221,tt2386490,How to Train Your Dragon: The Hidden World,"$524,580,592","$160,945,505","$363,635,087",2019
222,tt0988045,Sherlock Holmes,"$524,028,679","$209,028,679","$315,000,000",2009
223,tt0290002,Meet the Fockers,"$522,657,936","$279,261,160","$243,396,776",2004
224,tt0910970,WALL·E,"$521,311,890","$223,808,164","$297,503,726",2008
225,tt2267968,Kung Fu Panda 3,"$521,170,825","$143,528,619","$377,642,206",2016
226,tt0103064,Terminator 2: Judgment Day,"$520,881,154","$205,881,154","$315,000,000",1991
227,tt0478970,Ant-Man,"$519,311,965","$180,202,163","$339,109,802",2015
228,tt7097896,Venom: Let There Be Carnage,"$506,863,592","$213,550,366","$293,313,226",2021
229,tt0099653,Ghost,"$505,703,557","$217,631,306","$288,072,251",1990
230,tt0103639,Aladdin,"$504,050,219","$217,350,219","$286,700,000",1992
231,tt0172495,Gladiator,"$503,162,313","$187,705,427","$315,456,886",2000
232,tt2357291,Rio 2,"$498,781,117","$131,538,435","$367,242,682",2014
233,tt0332452,Troy,"$497,409,852","$133,378,256","$364,031,596",2004
234,tt0120363,Toy Story 2,"$497,375,381","$245,852,179","$251,523,202",1999
235,tt0892769,How to Train Your Dragon,"$494,879,471","$217,581,231","$277,298,240",2010
236,tt0117998,Twister,"$494,580,615","$241,830,615","$252,750,000",1996
237,tt1623205,Oz the Great and Powerful,"$493,311,825","$234,911,825","$258,400,000",2013
238,tt0800320,Clash of the Titans,"$493,214,993","$163,214,888","$330,000,105",2010
239,tt4777008,Maleficent: Mistress of Evil,"$491,730,089","$113,929,605","$377,800,484",2019
240,tt3450958,War for the Planet of the Apes,"$490,719,763","$146,880,162","$343,839,601",2017
241,tt0126029,Shrek,"$488,441,368","$268,163,011","$220,278,357",2001
242,tt0356910,Mr. & Mrs. Smith,"$487,287,646","$186,336,279","$300,951,367",2005
243,tt0808151,Angels & Demons,"$485,930,816","$133,375,846","$352,554,970",2009
244,tt1291150,Teenage Mutant Ninja Turtles,"$485,004,754","$191,204,754","$293,800,000",2014
245,tt0315327,Bruce Almighty,"$484,592,874","$242,829,261","$241,763,613",2003
246,tt1504320,The King's Speech,"$484,068,861","$138,797,449","$345,271,412",2010
247,tt1436562,Rio,"$483,866,772","$143,619,809","$340,246,963",2011
248,tt0120815,Saving Private Ryan,"$482,349,603","$217,049,603","$265,300,000",1998
249,tt1318514,Rise of the Planet of the Apes,"$481,800,873","$176,760,185","$305,040,688",2011
250,tt3915174,Puss in Boots: The Last Wish,"$480,588,914","$185,535,345","$295,053,569",2022
251,tt0099785,Home Alone,"$476,684,675","$285,761,243","$190,923,432",1990
252,tt0073195,Jaws,"$476,512,065","$265,859,065","$210,653,000",1975
253,tt10954600,Ant-Man and the Wasp: Quantumania,"$476,056,469","$214,490,198","$261,566,271",2023
254,tt2510894,Hotel Transylvania 2,"$475,186,706","$169,700,110","$305,486,596",2015
255,tt0086190,Star Wars: Episode VI - Return of the Jedi,"$475,106,177","$316,566,101","$158,540,076",1983
256,tt0367594,Charlie and the Chocolate Factory,"$474,968,763","$206,459,076","$268,509,687",2005
257,tt0097576,Indiana Jones and the Last Crusade,"$474,171,806","$197,171,806","$277,000,000",1989
258,tt2126355,San Andreas,"$474,009,154","$155,190,832","$318,818,322",2015
259,tt7349950,It Chapter Two,"$473,122,525","$211,622,525","$261,500,000",2019
260,tt3783958,La La Land,"$471,985,260","$151,101,803","$320,883,457",2016
261,tt1772341,Wreck-It Ralph,"$471,222,889","$189,422,889","$281,800,000",2012
262,tt5034838,Godzilla vs. Kong,"$470,116,094","$100,916,094","$369,200,000",2021
263,tt1119646,The Hangover,"$469,328,079","$277,339,746","$191,988,333",2009
264,tt2872732,Lucy,"$469,058,574","$126,663,600","$342,394,974",2014
265,tt1490017,The Lego Movie,"$468,266,122","$257,966,122","$210,300,000",2014
266,tt4701182,Bumblebee,"$467,989,645","$127,195,589","$340,794,056",2018
267,tt1408101,Star Trek Into Darkness,"$467,365,246","$228,778,661","$238,586,585",2013
268,tt0133093,The Matrix,"$467,222,728","$172,076,928","$295,145,800",1999
269,tt0100405,Pretty Woman,"$463,406,268","$178,406,268","$285,000,000",1990
270,tt0317219,Cars,"$461,991,867","$244,082,982","$217,908,885",2006
271,tt7294150,The Eight Hundred,"$461,421,559","$372,755","$461,048,804",2020
272,tt0376994,X-Men: The Last Stand,"$460,435,291","$234,362,462","$226,072,829",2006
273,tt14557302,Moon Man,"$460,237,662",-,"$460,237,662",2022
274,tt0465234,National Treasure: Book of Secrets,"$459,242,249","$219,964,115","$239,278,134",2007
275,tt0117060,Mission: Impossible,"$457,696,391","$180,981,856","$276,714,535",1996
276,tt0416449,300,"$456,082,343","$210,629,101","$245,453,242",2007
277,tt0325710,The Last Samurai,"$454,627,263","$111,127,263","$343,500,000",2003
278,tt11032374,Demon Slayer the Movie: Mugen Train,"$453,210,959","$49,505,008","$403,705,951",2020
279,tt7362036,Dying to Survive,"$451,183,391","$6,752","$451,176,639",2018
280,tt0240772,Ocean's Eleven,"$450,717,150","$183,417,150","$267,300,000",2001
281,tt10147382,"My People, My Country","$450,064,993","$2,356,683","$447,708,310",2019
282,tt5884052,Pokémon: Detective Pikachu,"$449,762,638","$144,174,568","$305,588,070",2019
283,tt0800369,Thor,"$449,326,618","$181,030,624","$268,295,994",2011
284,tt0213149,Pearl Harbor,"$449,220,945","$198,542,554","$250,678,391",2001
285,tt0120855,Tarzan,"$448,191,819","$171,091,819","$277,100,000",1999
286,tt0120912,Men in Black II,"$445,135,288","$193,735,288","$251,400,000",2002
287,tt0440963,The Bourne Ultimatum,"$444,100,035","$227,471,070","$216,628,965",2007
288,tt0209163,The Mummy Returns,"$443,280,904","$202,019,785","$241,261,119",2001
289,tt1231580,Alvin and the Chipmunks: The Squeakquel,"$443,140,005","$219,614,612","$223,525,393",2009
290,tt1707386,Les Misérables,"$442,299,309","$148,809,770","$293,489,539",2012
291,tt0070047,The Exorcist,"$441,306,145","$233,005,644","$208,300,501",1973
292,tt0107614,Mrs. Doubtfire,"$441,286,195","$219,195,243","$222,090,952",1993
293,tt1340138,Terminator Genisys,"$440,603,537","$89,760,956","$350,842,581",2015
294,tt0803096,Warcraft,"$439,048,914","$47,365,290","$391,683,624",2016
295,tt1517451,A Star Is Born,"$436,233,122","$215,333,122","$220,900,000",2018
296,tt1485796,The Greatest Showman,"$435,732,529","$174,340,174","$261,392,355",2017
297,tt0181852,Terminator 3: Rise of the Machines,"$433,371,112","$150,371,112","$283,000,000",2003
298,tt9376612,Shang-Chi and the Legend of the Ten Rings,"$432,243,292","$224,543,292","$207,700,000",2021
299,tt0246460,Die Another Day,"$431,971,116","$160,942,139","$271,028,977",2002
300,tt5113040,The Secret Life of Pets 2,"$431,058,542","$158,874,395","$272,184,147",2019
301,tt0162222,Cast Away,"$429,632,142","$233,632,142","$196,000,000",2000
302,tt10366206,John Wick: Chapter 4,"$428,404,185","$186,933,539","$241,470,646",2023
303,tt2231461,Rampage,"$428,028,233","$101,028,233","$327,000,000",2018
304,tt0242653,The Matrix Revolutions,"$427,344,325","$139,313,948","$288,030,377",2003
305,tt1675434,The Intouchables,"$426,588,510","$10,198,820","$416,389,690",2011
306,tt1502397,Bad Boys for Life,"$426,505,244","$206,305,244","$220,200,000",2020
307,tt1853728,Django Unchained,"$426,074,373","$162,805,434","$263,268,939",2012
308,tt0101414,Beauty and the Beast,"$424,967,620","$218,967,620","$206,000,000",1991
309,tt0099348,Dances with Wolves,"$424,208,848","$184,208,848","$240,000,000",1990
310,tt12363162,"My People, My Homeland","$422,390,820",-,"$422,390,820",2020
311,tt0499448,The Chronicles of Narnia: Prince Caspian,"$419,665,568","$141,621,490","$278,044,078",2008
312,tt1000774,Sex and the City,"$418,765,519","$152,647,258","$266,118,261",2008
313,tt10218664,The Captain,"$417,282,021","$706,572","$416,575,449",2019
314,tt0120616,The Mummy,"$415,933,406","$155,385,488","$260,547,918",1999
315,tt0980970,The Chronicles of Narnia: The Voyage of the Dawn Treader,"$415,686,217","$104,386,950","$311,299,267",2010
316,tt4196776,Jason Bourne,"$415,484,914","$162,434,410","$253,050,504",2016
317,tt1392190,Mad Max: Fury Road,"$415,261,382","$154,109,060","$261,152,322",2015
318,tt1430132,The Wolverine,"$414,828,246","$132,556,852","$282,271,394",2013
319,tt2802144,Kingsman: The Secret Service,"$414,351,546","$128,261,724","$286,089,822",2015
320,tt1078912,Night at the Museum: Battle of the Smithsonian,"$413,106,170","$177,243,721","$235,862,449",2009
321,tt0096895,Batman,"$411,569,241","$251,409,241","$160,160,000",1989
322,tt0103855,The Bodyguard,"$411,046,449","$122,046,449","$289,000,000",1992
323,tt1663662,Pacific Rim,"$411,002,906","$101,802,906","$309,200,000",2013
324,tt4649466,Kingsman: The Golden Circle,"$410,902,662","$100,234,838","$310,667,824",2017
325,tt2345759,The Mummy,"$409,231,607","$80,227,895","$329,003,712",2017
326,tt3416828,Ice Age: Collision Course,"$408,754,975","$64,063,008","$344,691,967",2016
327,tt1099212,Twilight,"$408,430,415","$193,962,473","$214,467,942",2008
328,tt6467266,Sing 2,"$408,400,679","$162,790,990","$245,609,689",2021
329,tt0286106,Signs,"$408,247,917","$227,966,634","$180,281,283",2002
330,tt0290334,X2: X-Men United,"$407,711,549","$214,949,694","$192,761,855",2003
331,tt4123432,Fantastic Beasts: The Secrets of Dumbledore,"$407,150,844","$95,850,844","$311,300,000",2022
332,tt1464335,Uncharted,"$407,141,258","$148,648,820","$258,492,438",2022
333,tt0993846,The Wolf of Wall Street,"$406,878,233","$116,900,694","$289,977,539",2013
334,tt12412888,Sonic the Hedgehog 2,"$405,421,518","$190,872,904","$214,548,614",2022
335,tt0437086,Alita: Battle Angel,"$404,980,543","$85,838,210","$319,142,333",2019
336,tt0859163,The Mummy: Tomb of the Dragon Emperor,"$403,449,830","$102,491,776","$300,958,054",2008
337,tt1446714,Prometheus,"$403,354,469","$126,477,084","$276,877,385",2012
338,tt0031381,Gone with the Wind,"$402,382,193","$200,882,193","$201,500,000",1939
339,tt6911608,Mamma Mia! Here We Go Again,"$402,264,843","$120,634,935","$281,629,908",2018
340,tt9032400,Eternals,"$402,064,899","$164,870,234","$237,194,665",2021
341,tt1160419,Dune,"$402,027,830","$108,327,830","$293,700,000",2021
342,tt1104001,TRON: Legacy,"$400,063,852","$172,062,763","$228,001,089",2010
343,tt0317919,Mission: Impossible III,"$398,479,497","$134,029,801","$264,449,696",2006
344,tt1735898,Snow White and the Huntsman,"$396,592,829","$155,332,381","$241,260,448",2012
345,tt0077631,Grease,"$396,271,103","$190,071,103","$206,200,000",1978
346,tt0114709,Toy Story,"$394,436,586","$223,225,679","$171,210,907",1995
347,tt6443346,Black Adam,"$393,252,111","$168,152,111","$225,100,000",2022
348,tt3778644,Solo: A Star Wars Story,"$392,924,807","$213,767,512","$179,157,295",2018
349,tt0348150,Superman Returns,"$391,081,192","$200,081,192","$191,000,000",2006
350,tt0102798,Robin Hood: Prince of Thieves,"$390,493,908","$165,493,908","$225,000,000",1991
351,tt0082971,Indiana Jones and the Raiders of the Lost Ark,"$389,925,971","$248,159,971","$141,766,000",1981
352,tt1628841,Independence Day: Resurgence,"$389,681,935","$103,144,286","$286,537,649",2016
353,tt0337978,Live Free or Die Hard,"$388,156,011","$134,529,403","$253,626,608",2007
354,tt3781476,Monster Hunt,"$387,053,506","$32,766","$387,020,740",2015
355,tt3741700,Godzilla: King of the Monsters,"$386,600,138","$110,500,138","$276,100,000",2019
356,tt2224026,Home,"$386,041,607","$177,397,510","$208,644,097",2015
357,tt0796366,Star Trek,"$385,680,446","$257,730,019","$127,950,427",2009
358,tt8579674,1917,"$384,577,421","$159,227,644","$225,349,777",2019
359,tt0366548,Happy Feet,"$384,336,108","$198,000,317","$186,335,791",2006
360,tt4633694,Spider-Man: Into the Spider-Verse,"$384,256,930","$190,241,310","$194,015,620",2018
361,tt3606752,Cars 3,"$383,930,656","$152,901,115","$231,029,541",2017
362,tt0088763,Back to the Future,"$383,336,762","$212,836,762","$170,500,000",1985
363,tt0268380,Ice Age,"$383,257,136","$176,387,405","$206,869,731",2002
364,tt5311514,Your Name.,"$382,238,181","$5,017,246","$377,220,935",2016
365,tt4465564,Fifty Shades Darker,"$381,545,846","$114,581,250","$266,964,596",2017
366,tt0892782,Monsters vs. Aliens,"$381,509,870","$198,351,526","$183,158,344",2009
367,tt3480822,Black Widow,"$379,751,655","$183,651,655","$196,100,000",2021
368,tt0120685,Godzilla,"$379,014,294","$136,314,294","$242,700,000",1998
369,tt0111503,True Lies,"$378,882,411","$146,282,411","$232,600,000",1994
370,tt1010048,Slumdog Millionaire,"$378,410,542","$141,319,928","$237,090,614",2008
371,tt7131622,Once Upon a Time in Hollywood,"$377,617,598","$142,502,728","$235,114,870",2019
372,tt1397280,Taken 2,"$376,152,455","$139,854,287","$236,298,168",2012
373,tt1583421,G.I. Joe: Retaliation,"$375,740,705","$122,523,060","$253,217,645",2013
374,tt0307453,Shark Tale,"$374,583,879","$160,861,908","$213,721,971",2004
375,tt0207201,What Women Want,"$374,111,707","$182,811,707","$191,300,000",2000
376,tt0983193,The Adventures of Tintin,"$373,993,951","$77,591,831","$296,402,120",2011
377,tt0372784,Batman Begins,"$373,672,993","$206,863,479","$166,809,514",2005
378,tt1911658,Penguins of Madagascar,"$373,515,621","$83,850,911","$289,664,710",2014
379,tt0458525,X-Men Origins: Wolverine,"$373,062,864","$179,883,157","$193,179,707",2009
380,tt0385752,The Golden Compass,"$372,234,864","$70,107,728","$302,127,136",2007
381,tt4477536,Fifty Shades Freed,"$371,985,018","$100,407,760","$271,577,258",2018
382,tt0386588,Hitch,"$371,594,210","$179,495,555","$192,098,655",2005
383,tt0438488,Terminator Salvation,"$371,353,001","$125,322,469","$246,030,532",2009
384,tt0458339,Captain America: The First Avenger,"$370,569,774","$176,654,505","$193,915,269",2011
385,tt1631867,Edge of Tomorrow,"$370,541,256","$100,206,256","$270,335,000",2014
386,tt0129387,There's Something About Mary,"$369,884,651","$176,484,651","$193,400,000",1998
387,tt2267998,Gone Girl,"$369,330,363","$167,767,189","$201,563,174",2014
388,tt0106977,The Fugitive,"$368,875,760","$183,875,760","$185,000,000",1993
389,tt0163025,Jurassic Park III,"$368,780,809","$181,171,875","$187,608,934",2001
390,tt0259446,My Big Fat Greek Wedding,"$368,744,044","$241,438,208","$127,305,836",2002
391,tt0448115,Shazam!,"$367,799,011","$140,480,049","$227,318,962",2019
392,tt8529186,Hello Mr. Billionaire,"$366,961,907",-,"$366,961,907",2018
393,tt0112864,Die Hard with a Vengeance,"$366,101,666","$100,012,499","$266,089,167",1995
394,tt5814060,The Nun,"$365,582,797","$117,481,222","$248,101,575",2018
395,tt0952640,Alvin and the Chipmunks,"$365,352,546","$217,326,974","$148,025,572",2007
396,tt6723592,Tenet,"$365,304,105","$58,504,105","$306,800,000",2020
397,tt0125439,Notting Hill,"$363,889,678","$116,089,678","$247,800,000",1999
398,tt0120623,A Bug's Life,"$363,258,859","$162,798,565","$200,460,294",1998
399,tt2692250,Night at the Museum: Secret of the Tomb,"$363,204,635","$113,746,621","$249,458,014",2014
400,tt0349903,Ocean's Twelve,"$362,744,280","$125,544,280","$237,200,000",2004
401,tt0133152,Planet of the Apes,"$362,211,740","$180,011,740","$182,200,000",2001
402,tt1951261,The Hangover Part III,"$362,000,072","$112,200,072","$249,800,000",2013
403,tt0143145,The World Is Not Enough,"$361,832,400","$126,943,684","$234,888,716",1999
404,tt6170484,Monster Hunt 2,"$361,682,618","$706,153","$360,976,465",2018
405,tt1013752,Fast & Furious,"$360,366,870","$155,064,265","$205,302,605",2009
406,tt1959490,Noah,"$359,200,044","$101,200,044","$258,000,000",2014
407,tt1155076,The Karate Kid,"$359,126,022","$176,591,618","$182,534,404",2010
408,tt0104431,Home Alone 2: Lost in New York,"$358,994,850","$173,585,516","$185,409,334",1992
409,tt0837562,Hotel Transylvania,"$358,375,603","$148,313,048","$210,062,555",2012
410,tt0181689,Minority Report,"$358,372,926","$132,072,926","$226,300,000",2002
411,tt0092099,Top Gun,"$357,288,178","$180,258,178","$177,030,000",1986
412,tt0245429,Spirited Away,"$357,277,400","$15,205,725","$342,071,675",2001
413,tt0918940,The Legend of Tarzan,"$356,700,357","$126,643,061","$230,057,296",2016
414,tt0169547,American Beauty,"$356,296,601","$130,096,601","$226,200,000",1999
415,tt0112384,Apollo 13,"$355,237,933","$173,837,933","$181,400,000",1995
416,tt0095953,Rain Man,"$354,825,435","$172,825,435","$182,000,000",1988
417,tt1343092,The Great Gatsby,"$353,659,851","$144,857,996","$208,801,855",2013
418,tt3861390,Dumbo,"$353,284,621","$114,766,307","$238,518,314",2019
419,tt0343818,"I, Robot","$353,133,898","$144,801,023","$208,332,875",2004
420,tt0103772,Basic Instinct,"$352,927,224","$117,727,224","$235,200,000",1992
421,tt3402236,Murder on the Orient Express,"$352,794,081","$102,826,543","$249,967,538",2017
422,tt1270798,X-Men: First Class,"$352,616,690","$146,408,305","$206,208,385",2011
423,tt1985949,The Angry Birds Movie,"$352,333,929","$107,509,366","$244,824,563",2016
424,tt0113189,GoldenEye,"$352,194,034","$106,429,941","$245,764,093",1995
425,tt0264464,Catch Me If You Can,"$352,114,312","$164,615,351","$187,498,961",2002
426,tt1670345,Now You See Me,"$351,723,989","$117,723,989","$234,000,000",2013
427,tt0212985,Hannibal,"$351,692,268","$165,092,268","$186,600,000",2001
428,tt0110475,The Mask,"$351,583,407","$119,938,730","$231,644,677",1994
429,tt5117670,Peter Rabbit,"$351,496,066","$115,253,424","$236,242,642",2018
430,tt0111257,Speed,"$350,448,145","$121,248,145","$229,200,000",1994
431,tt0130623,Dinosaur,"$349,822,765","$137,748,063","$212,074,702",2000
432,tt5028340,Mary Poppins Returns,"$349,546,142","$171,958,438","$177,587,704",2018
433,tt0120647,Deep Impact,"$349,464,664","$140,464,664","$209,000,000",1998
434,tt1482459,The Lorax,"$349,183,316","$214,373,500","$134,809,816",2012
435,tt1790864,The Maze Runner,"$348,319,861","$102,427,862","$245,891,999",2014
436,tt2017020,The Smurfs 2,"$347,545,360","$71,017,784","$276,527,576",2013
437,tt0368891,National Treasure,"$347,512,318","$173,008,894","$174,503,424",2004
438,tt0266915,Rush Hour 2,"$347,325,802","$226,164,286","$121,161,516",2001
439,tt1679335,Trolls,"$347,182,886","$154,025,064","$193,157,822",2016
440,tt1293847,xXx: Return of Xander Cage,"$346,118,277","$44,898,413","$301,219,864",2017
441,tt0114148,Pocahontas,"$346,079,773","$141,579,773","$204,500,000",1995
442,tt0170016,How the Grinch Stole Christmas,"$345,823,032","$260,715,005","$85,108,027",2000
443,tt2660888,Star Trek Beyond,"$343,471,816","$158,848,340","$184,623,476",2016
444,tt1615918,Alvin and the Chipmunks: Chipwrecked,"$342,695,435","$133,110,742","$209,584,693",2011
445,tt0493464,Wanted,"$342,463,063","$134,508,551","$207,954,512",2008
446,tt0109813,The Flintstones,"$341,631,208","$130,531,208","$211,100,000",1994
447,tt6644200,A Quiet Place,"$340,952,971","$188,024,361","$152,928,610",2018
448,tt0461770,Enchanted,"$340,487,836","$127,807,262","$212,680,574",2007
449,tt0327084,Over the Hedge,"$339,795,890","$155,019,340","$184,776,550",2006
450,tt5971474,The Little Mermaid,"$338,770,045","$197,630,827","$141,139,218",2023
451,tt1253863,300: Rise of an Empire,"$337,580,051","$106,580,051","$231,000,000",2014
452,tt0112462,Batman Forever,"$336,567,158","$184,069,126","$152,498,032",1995
453,tt0473075,Prince of Persia: The Sands of Time,"$336,365,676","$90,759,676","$245,606,000",2009
454,tt0421715,The Curious Case of Benjamin Button,"$335,802,786","$127,509,326","$208,293,460",2008
455,tt1397514,Journey 2: The Mysterious Island,"$335,287,748","$103,887,748","$231,400,000",2012
456,tt0117500,The Rock,"$335,062,621","$134,069,511","$200,993,110",1996
457,tt2034800,The Great Wall,"$334,933,831","$45,540,830","$289,393,001",2016
458,tt3110958,Now You See Me 2,"$334,897,606","$65,075,540","$269,822,066",2016
459,tt7431894,Never Say Die,"$334,530,869",-,"$334,530,869",2017
460,tt0243155,Bridget Jones's Diary,"$334,272,563","$71,543,427","$262,729,136",2001
461,tt0120667,Fantastic Four,"$333,535,934","$154,696,080","$178,839,854",2005
462,tt0087469,Indiana Jones and the Temple of Doom,"$333,107,271","$179,870,271","$153,237,000",1984
463,tt0120347,Tomorrow Never Dies,"$333,011,068","$125,304,276","$207,706,792",1997
464,tt0096874,Back to the Future Part II,"$332,500,002","$119,000,002","$213,500,000",1989
465,tt1979388,The Good Dinosaur,"$332,207,671","$123,087,120","$209,120,551",2015
466,tt6264654,Free Guy,"$331,526,598","$121,626,598","$209,900,000",2021
467,tt2294449,22 Jump Street,"$331,333,876","$191,719,337","$139,614,539",2014
468,tt0212338,Meet the Parents,"$330,444,045","$166,244,045","$164,200,000",2000
469,tt0096438,Who Framed Roger Rabbit,"$329,803,958","$156,452,370","$173,351,588",1988
470,tt0947798,Black Swan,"$329,398,046","$106,954,678","$222,443,368",2010
471,tt0177971,The Perfect Storm,"$328,718,434","$182,618,434","$146,100,000",2000
472,tt6146586,John Wick: Chapter 3 - Parabellum,"$328,349,387","$171,015,687","$157,333,700",2019
473,tt0090555,Crocodile Dundee,"$328,203,506","$174,803,506","$153,400,000",1986
474,tt6660238,Crazy Alien,"$327,598,891",-,"$327,598,891",2019
475,tt0114369,Se7en,"$327,333,559","$100,125,643","$227,207,916",1995
476,tt0458352,The Devil Wears Prada,"$326,706,115","$124,740,460","$201,965,655",2006
477,tt2446042,Taken 3,"$326,479,141","$89,256,424","$237,222,717",2015
478,tt0116583,The Hunchback of Notre Dame,"$325,338,851","$100,138,851","$225,200,000",1996
479,tt1067106,A Christmas Carol,"$325,286,646","$137,855,863","$187,430,783",2009
480,tt2279373,The SpongeBob Movie: Sponge Out of Water,"$325,186,032","$162,994,032","$162,192,000",2015
481,tt0108052,Schindler's List,"$322,161,245","$96,898,818","$225,262,427",1993
482,tt1001526,Megamind,"$321,885,765","$148,415,853","$173,469,912",2010
483,tt3065204,The Conjuring 2,"$321,834,351","$102,516,140","$219,318,211",2016
484,tt6966692,Green Book,"$321,752,656","$85,080,171","$236,672,485",2018
485,tt0104714,Lethal Weapon 3,"$321,731,527","$144,731,527","$177,000,000",1992
486,tt0955308,Robin Hood,"$321,669,741","$105,269,730","$216,400,011",2010
487,tt0361748,Inglourious Basterds,"$321,457,747","$120,540,719","$200,917,028",2009
488,tt0115433,101 Dalmatians,"$320,689,294","$136,189,294","$184,500,000",1996
489,tt1457767,The Conjuring,"$320,406,242","$137,446,368","$182,959,874",2013
490,tt0093010,Fatal Attraction,"$320,145,693","$156,645,693","$163,500,000",1987
491,tt3794354,Sonic the Hedgehog,"$319,715,683","$148,974,665","$170,741,018",2020
492,tt0938283,The Last Airbender,"$319,713,881","$131,772,187","$187,941,694",2010
493,tt1041829,The Proposal,"$317,375,031","$163,958,031","$153,417,000",2009
494,tt0338348,The Polar Express,"$316,897,787","$189,528,738","$127,369,049",2004
495,tt0268978,A Beautiful Mind,"$316,791,257","$170,742,341","$146,048,916",2001
496,tt0086960,Beverly Hills Cop,"$316,360,478","$234,760,478","$81,600,000",1984
497,tt0118571,Air Force One,"$315,156,409","$172,956,409","$142,200,000",1997
498,tt2543472,Wonder,"$315,025,930","$132,422,809","$182,603,121",2017
499,tt1764651,The Expendables 2,"$314,975,955","$85,028,192","$229,947,763",2012
500,tt0371606,Chicken Little,"$314,432,837","$135,386,665","$179,046,172",2005
501,tt0119822,As Good as It Gets,"$314,178,011","$148,478,011","$165,700,000",1997
502,tt8946378,Knives Out,"$312,897,920","$165,363,234","$147,534,686",2019
503,tt4046784,Maze Runner: The Scorch Trials,"$312,296,056","$81,697,192","$230,598,864",2015
504,tt2592614,Resident Evil: The Final Chapter,"$312,242,626","$26,830,068","$285,412,558",2016
505,tt4116284,The Lego Batman Movie,"$312,136,671","$175,936,671","$136,200,000",2017
506,tt0145660,Austin Powers: The Spy Who Shagged Me,"$312,016,928","$206,040,086","$105,976,842",1999
507,tt0496806,Ocean's Thirteen,"$311,312,624","$117,154,724","$194,157,900",2007
508,tt0970866,Little Fockers,"$310,650,585","$148,438,600","$162,211,985",2010
509,tt0397892,Bolt,"$309,979,994","$114,053,579","$195,926,415",2008
510,tt0117438,Ransom,"$309,492,681","$136,492,681","$173,000,000",1996
511,tt0163187,Runaway Bride,"$309,460,292","$152,257,509","$157,202,783",1999
512,tt0878804,The Blind Side,"$309,231,694","$255,982,860","$53,248,834",2009
513,tt7830888,The Ex-File 3: Return of the Exes,"$307,592,427","$838,959","$306,753,468",2017
514,tt2582846,The Fault in Our Stars,"$307,166,834","$124,872,350","$182,294,484",2014
515,tt0454921,The Pursuit of Happyness,"$307,127,625","$163,566,459","$143,561,166",2006
516,tt1446192,Rise of the Guardians,"$306,941,670","$103,412,758","$203,528,912",2012
517,tt0075860,Close Encounters of the Third Kind,"$306,889,114","$135,189,114","$171,700,000",1977
518,tt0299658,Chicago,"$306,776,732","$170,687,518","$136,089,214",2002
519,tt5140878,Annabelle: Creation,"$306,515,884","$102,092,201","$204,423,683",2017
520,tt1478338,Bridesmaids,"$306,442,085","$169,106,725","$137,335,360",2011
521,tt5758778,Skyscraper,"$304,868,961","$68,420,120","$236,448,841",2018
522,tt1606378,A Good Day to Die Hard,"$304,654,182","$67,349,198","$237,304,984",2013
523,tt0120762,Mulan,"$304,320,254","$120,620,254","$183,700,000",1998
524,tt5074352,Dangal,"$303,723,636","$12,391,761","$291,331,875",2016
525,tt1355644,Passengers,"$303,144,152","$100,014,699","$203,129,453",2016
526,tt1440129,Battleship,"$303,025,485","$65,422,625","$237,602,860",2012
527,tt0119528,Liar Liar,"$302,710,615","$181,410,615","$121,300,000",1997
528,tt1046173,G.I. Joe: The Rise of Cobra,"$302,469,017","$150,201,498","$152,267,519",2009
529,tt1646987,Wrath of the Titans,"$301,970,083","$83,670,083","$218,300,000",2012
530,tt0486576,Fantastic Four: Rise of the Silver Surfer,"$301,913,131","$131,921,738","$169,991,393",2007
531,tt0102057,Hook,"$300,854,823","$119,654,823","$181,200,000",1991
532,tt0078346,Superman,"$300,478,449","$134,478,449","$166,000,000",1978
533,tt0089927,Rocky IV,"$300,473,716","$127,873,716","$172,600,000",1985
534,tt0089880,Rambo: First Blood Part II,"$300,400,432","$150,415,432","$149,985,000",1985
535,tt1220634,Resident Evil: Afterlife,"$300,228,084","$60,128,566","$240,099,518",2010
536,tt0338526,Van Helsing,"$300,157,638","$120,177,084","$179,980,554",2004
537,tt0164912,Stuart Little,"$300,135,367","$140,035,367","$160,100,000",1999
538,tt0092644,Beverly Hills Cop II,"$299,965,036","$153,665,036","$146,300,000",1987
539,tt2567026,Alice Through the Looking Glass,"$299,820,798","$77,041,381","$222,779,417",2016
540,tt0119738,My Best Friend's Wedding,"$299,288,605","$127,120,029","$172,168,576",1997
541,tt0433035,Real Steel,"$299,268,508","$85,468,508","$213,800,000",2011
542,tt0451079,Horton Hears a Who!,"$298,572,799","$154,529,439","$144,043,360",2008
543,tt5164214,Ocean's Eight,"$297,795,726","$140,295,726","$157,500,000",2018
544,tt8332922,A Quiet Place Part II,"$297,372,261","$160,072,261","$137,300,000",2021
545,tt2908446,The Divergent Series: Insurgent,"$297,002,527","$130,179,072","$166,823,455",2015
546,tt0097778,Look Who's Talking,"$296,999,813","$140,088,813","$156,911,000",1989
547,tt0295178,Austin Powers in Goldmember,"$296,938,801","$213,307,889","$83,630,912",2002
548,tt0087332,Ghostbusters,"$296,578,797","$243,578,797","$53,000,000",1984
549,tt1935859,Miss Peregrine's Home for Peculiar Children,"$296,482,446","$87,242,834","$209,239,612",2016
550,tt0120903,X-Men,"$296,339,528","$157,299,718","$139,039,810",2000
551,tt3411444,Ferdinand,"$296,069,199","$84,410,380","$211,658,819",2017
552,tt1130884,Shutter Island,"$294,805,697","$128,012,934","$166,792,763",2010
553,tt0118998,Doctor Dolittle,"$294,456,605","$144,156,605","$150,300,000",1998
554,tt0389790,Bee Movie,"$293,514,336","$126,631,277","$166,883,059",2007
555,tt0944835,Salt,"$293,503,354","$118,311,368","$175,191,986",2010
556,tt0436339,G-Force,"$292,817,898","$119,436,770","$173,381,128",2009
557,tt0407887,The Departed,"$291,480,452","$132,399,394","$159,081,058",2006
558,tt0161081,What Lies Beneath,"$291,420,351","$155,464,351","$135,956,000",2000
559,tt2557478,Pacific Rim: Uprising,"$290,930,148","$59,874,525","$231,055,623",2018
560,tt0372183,The Bourne Supremacy,"$290,835,269","$176,241,941","$114,593,328",2004
561,tt1261945,Sex and the City 2,"$290,745,055","$95,347,692","$195,397,363",2010
562,tt0138097,Shakespeare in Love,"$289,317,794","$100,317,794","$189,000,000",1998
563,tt1840309,Divergent,"$288,885,818","$150,947,895","$137,937,923",2014
564,tt0094898,Coming to America,"$288,752,301","$128,152,301","$160,600,000",1988
565,tt3704428,Elvis,"$288,670,284","$151,040,048","$137,630,236",2022
566,tt0396269,Wedding Crashers,"$288,485,135","$209,273,411","$79,211,724",2005
567,tt4500922,Maze Runner: The Death Cure,"$288,175,335","$58,032,443","$230,142,892",2018
568,tt0112642,Casper,"$287,928,194","$100,328,194","$187,600,000",1995
569,tt0252866,American Pie 2,"$287,553,595","$145,103,595","$142,450,000",2001
570,tt2848292,Pitch Perfect 2,"$287,144,079","$184,296,230","$102,847,849",2015
571,tt0120689,The Green Mile,"$286,801,374","$136,801,374","$150,000,000",1999
572,tt1483013,Oblivion,"$286,168,572","$89,107,235","$197,061,337",2013
573,tt1535108,Elysium,"$286,140,700","$93,050,117","$193,090,583",2013
574,tt0122151,Lethal Weapon 4,"$285,444,603","$130,444,603","$155,000,000",1998
575,tt0401729,John Carter,"$284,139,100","$73,078,100","$211,061,000",2012
576,tt1860353,Turbo,"$282,570,682","$83,028,128","$199,542,554",2013
577,tt1109624,Paddington,"$282,422,653","$76,271,832","$206,150,821",2014
578,tt1243957,The Tourist,"$278,780,441","$67,631,157","$211,149,284",2010
579,tt4972582,Split,"$278,454,417","$138,291,365","$140,163,052",2017
580,tt0175142,Scary Movie,"$278,019,771","$157,019,771","$121,000,000",2000
581,tt0295701,xXx,"$277,448,382","$142,109,382","$135,339,000",2002
582,tt1194173,The Bourne Legacy,"$276,144,750","$113,203,870","$162,940,880",2012
583,tt0864835,Mr. Peabody & Sherman,"$275,698,039","$111,506,430","$164,191,609",2014
584,tt0267913,Scooby-Doo,"$275,678,613","$153,322,074","$122,356,539",2002
585,tt0443272,Lincoln,"$275,293,450","$182,207,973","$93,085,477",2012
586,tt0146316,Lara Croft: Tomb Raider,"$274,703,340","$131,168,070","$143,535,270",2001
587,tt1365519,Tomb Raider,"$274,650,803","$58,250,803","$216,400,000",2018
588,tt1320253,The Expendables,"$274,470,394","$103,068,524","$171,401,870",2010
589,tt11145118,Creed III,"$274,448,615","$156,248,615","$118,200,000",2023
590,tt1985966,Cloudy with a Chance of Meatballs 2,"$274,325,949","$119,793,567","$154,532,382",2013
591,tt0117218,The Nutty Professor,"$273,961,019","$128,814,019","$145,147,000",1996
592,tt0116695,Jerry Maguire,"$273,552,592","$153,952,592","$119,600,000",1996
593,tt0172156,Bad Boys II,"$273,339,556","$138,608,444","$134,731,112",2003
594,tt0275847,Lilo & Stitch,"$273,144,151","$145,794,338","$127,349,813",2002
595,tt0102926,The Silence of the Lambs,"$272,742,922","$130,742,922","$142,000,000",1991
596,tt1375670,Grown Ups,"$271,457,301","$162,001,186","$109,456,115",2010
597,tt2004420,Neighbors,"$270,665,134","$150,157,400","$120,507,734",2014
598,tt0106918,The Firm,"$270,248,367","$158,348,367","$111,900,000",1993
599,tt1723121,We're the Millers,"$269,994,119","$150,394,119","$119,600,000",2012
600,tt1205489,Gran Torino,"$269,958,228","$148,095,302","$121,862,926",2008
601,tt0443649,"10,000 BC","$269,784,201","$94,784,201","$175,000,000",2008
602,tt0765429,American Gangster,"$269,755,430","$130,164,645","$139,590,785",2007
603,tt0848537,Epic,"$268,426,634","$107,518,682","$160,907,952",2013
604,tt1528100,Exodus: Gods and Kings,"$268,175,631","$65,014,513","$203,161,118",2014
605,tt1856101,Blade Runner 2049,"$267,770,708","$92,071,675","$175,699,033",2017
606,tt0034492,Bambi,"$267,447,150","$102,247,150","$165,200,000",1942
607,tt0780521,The Princess and the Frog,"$267,045,765","$104,400,899","$162,644,866",2009
608,tt0103776,Batman Returns,"$266,915,287","$162,924,631","$103,990,656",1992
609,tt0107211,Indecent Proposal,"$266,614,059","$106,614,059","$160,000,000",1993
610,tt0337741,Something's Gotta Give,"$265,328,738","$124,728,738","$140,600,000",2003
611,tt0317198,Bridget Jones: The Edge of Reason,"$265,126,918","$40,226,215","$224,900,703",2004
612,tt0800080,The Incredible Hulk,"$264,770,996","$134,806,913","$129,964,083",2008
613,tt0114898,Waterworld,"$264,218,220","$88,246,220","$175,972,000",1995
614,tt0120382,The Truman Show,"$264,118,712","$125,618,201","$138,500,511",1998
615,tt0160127,Charlie's Angels,"$264,105,545","$125,305,545","$138,800,000",2000
616,tt0119116,The Fifth Element,"$263,920,180","$63,820,180","$200,100,000",1997
617,tt0113497,Jumanji,"$262,821,940","$100,499,940","$162,322,000",1995
618,tt6751668,Parasite,"$262,681,282","$53,369,749","$209,311,533",2019
619,tt0443453,Borat,"$262,552,893","$128,505,958","$134,046,935",2006
620,tt0358082,Robots,"$262,511,490","$128,200,012","$134,311,478",2005
621,tt1013743,Knight and Day,"$261,989,769","$76,423,035","$185,566,734",2008
622,tt0100802,Total Recall,"$261,317,921","$119,412,921","$141,905,000",1990
623,tt1477715,This Is It,"$261,183,588","$72,091,016","$189,092,572",2009
624,tt6450804,Terminator: Dark Fate,"$261,119,292","$62,253,077","$198,866,215",2019
625,tt1210819,The Lone Ranger,"$260,502,115","$89,302,115","$171,200,000",2013
626,tt1650062,Super 8,"$260,095,986","$127,004,179","$133,091,807",2011
627,tt1502407,Halloween,"$259,939,835","$159,342,015","$100,597,820",2018
628,tt4276752,Mojin: The Lost Legend,"$259,368,448","$1,243,810","$258,124,638",2015
629,tt0305357,Charlie's Angels: Full Throttle,"$259,175,788","$100,830,111","$158,345,677",2003
630,tt0293564,Rush Hour 3,"$258,097,122","$140,125,968","$117,971,154",2007
631,tt0119164,The Full Monty,"$257,938,649","$45,950,122","$211,988,527",1997
632,tt4217392,Kung Fu Yoga,"$257,753,889","$362,657","$257,391,232",2017
633,tt3322940,Annabelle,"$257,589,721","$84,284,252","$173,305,469",2014
634,tt2953050,Encanto,"$256,786,742","$96,093,622","$160,693,120",2021
635,tt0368447,The Village,"$256,697,520","$114,197,520","$142,500,000",2003
636,tt4242158,Lost in Hong Kong,"$256,283,912","$1,302,281","$254,981,631",2015
637,tt0195685,Erin Brockovich,"$256,271,286","$125,595,205","$130,676,081",2000
638,tt6857112,Us,"$256,067,149","$175,084,580","$80,982,569",2019
639,tt9597190,Pegasus,"$255,863,112",-,"$255,863,112",2019
640,tt5052448,Get Out,"$255,745,157","$176,196,665","$79,548,492",2016
641,tt0822832,Marley & Me,"$255,743,093","$143,153,751","$112,589,342",2008
642,tt0106582,Cliffhanger,"$255,000,211","$84,049,211","$170,951,000",1993
643,tt4849438,Baahubali 2: The Conclusion,"$254,158,390","$20,186,659","$233,971,731",2017
644,tt0112431,Babe,"$254,134,910","$63,658,910","$190,476,000",1995
645,tt2283336,Men in Black: International,"$253,890,701","$80,001,807","$173,888,894",2019
646,tt0486946,Wild Hogs,"$253,625,427","$168,273,550","$85,351,877",2007
647,tt0962726,High School Musical 3: Senior Year,"$252,909,177","$90,559,416","$162,349,761",2008
648,tt0119282,Hercules,"$252,712,101","$99,112,101","$153,600,000",1997
649,tt6565702,X-Men: Dark Phoenix,"$252,442,974","$65,845,974","$186,597,000",2019
650,tt1403865,True Grit,"$252,276,927","$171,243,005","$81,033,922",2010
651,tt6673612,Dolittle,"$251,410,631","$77,047,065","$174,363,566",2020
652,tt0118689,Bean,"$251,212,670","$45,319,423","$205,893,247",1997
653,tt1800241,American Hustle,"$251,171,807","$150,117,807","$101,054,000",2013
654,tt0120660,Enemy of the State,"$250,849,789","$111,549,836","$139,299,953",1998
655,tt0128853,You've Got Mail,"$250,821,495","$115,821,495","$135,000,000",1998
656,tt0449010,Eragon,"$250,425,512","$75,030,163","$175,395,349",2006
657,tt0328880,Brother Bear,"$250,397,798","$85,336,277","$165,061,521",2003
658,tt0068646,The Godfather,"$250,341,816","$136,381,073","$113,960,743",1972
659,tt0120746,The Mask of Zorro,"$250,288,523","$94,095,523","$156,193,000",1998
660,tt8115900,The Bad Guys,"$250,162,278","$97,233,630","$152,928,648",2022
661,tt0298130,The Ring,"$249,348,933","$129,128,133","$120,220,800",2002
662,tt0185937,The Blair Witch Project,"$248,639,099","$140,539,099","$108,100,000",1999
663,tt0217869,Unbreakable,"$248,118,121","$95,011,339","$153,106,782",2000
664,tt0314331,Love Actually,"$247,933,248","$59,696,144","$188,237,104",2003
665,tt5273624,Journey to the West: The Demons Strike Back,"$247,585,244","$880,346","$246,704,898",2017
666,tt0109686,Dumb and Dumber,"$247,290,327","$127,190,327","$120,100,000",1994
667,tt6823368,Glass,"$246,999,039","$111,048,468","$135,950,571",2019
668,tt2191701,Grown Ups 2,"$246,984,278","$133,668,525","$113,315,753",2013
669,tt2452042,The Peanuts Movie,"$246,233,113","$130,178,411","$116,054,702",2015
670,tt1192628,Rango,"$245,724,603","$123,477,607","$122,246,996",2011
671,tt0109831,Four Weddings and a Funeral,"$245,700,832","$52,700,832","$193,000,000",1994
672,tt0119094,Face/Off,"$245,676,146","$112,276,146","$133,400,000",1997
673,tt3949660,Teenage Mutant Ninja Turtles: Out of the Shadows,"$245,623,848","$82,051,601","$163,572,247",2016
674,tt1077368,Dark Shadows,"$245,527,149","$79,727,149","$165,800,000",2012
675,tt0286716,Hulk,"$245,285,165","$132,177,234","$113,107,931",2003
676,tt10218674,The Bravest,"$245,179,562","$290,217","$244,889,345",2019
677,tt1064932,Welcome to the Sticks,"$245,144,417",-,"$245,144,417",2008
678,tt0099088,Back to the Future Part III,"$245,077,583","$88,277,583","$156,800,000",1990
679,tt2120120,Pixels,"$244,874,809","$78,747,585","$166,127,224",2015
680,tt1267297,Hercules,"$244,819,862","$72,688,614","$172,131,248",2014
681,tt0120812,Rush Hour,"$244,721,064","$141,186,864","$103,534,200",1998
682,tt0373051,Journey to the Center of the Earth,"$244,232,688","$101,704,370","$142,528,318",2008
683,tt1815862,After Earth,"$243,611,982","$60,522,097","$183,089,885",2013
684,tt0104257,A Few Good Men,"$243,240,178","$141,340,178","$101,900,000",1992
685,tt0844471,Cloudy with a Chance of Meatballs,"$243,006,126","$124,870,275","$118,135,851",2009
686,tt0298203,8 Mile,"$242,875,078","$116,750,901","$126,124,177",2002
687,tt1528854,Daddy's Home,"$242,786,137","$150,357,137","$92,429,000",2015
688,tt1234721,RoboCop,"$242,688,965","$58,607,007","$184,081,958",2014
689,tt0116213,Eraser,"$242,295,562","$101,295,562","$141,000,000",1996
690,tt2316204,Alien: Covenant,"$240,891,763","$74,262,031","$166,629,732",2017
691,tt3263904,Sully,"$240,797,623","$125,070,033","$115,727,590",2016
692,tt2094766,Assassin's Creed,"$240,697,856","$54,647,948","$186,049,908",2016
693,tt0389860,Click,"$240,685,326","$137,355,633","$103,329,693",2006
694,tt11177804,Legend of Deification,"$240,646,355","$214,670","$240,431,685",2020
695,tt1691917,Planes,"$240,171,783","$90,288,712","$149,883,071",2013
696,tt1855325,Resident Evil: Retribution,"$240,159,255","$42,345,531","$197,813,724",2012
697,tt0099423,Die Hard 2,"$240,031,274","$117,540,947","$122,490,327",1990
698,tt0092493,Crocodile Dundee II,"$239,606,210","$109,306,210","$130,300,000",1988
699,tt12593682,Bullet Train,"$239,268,602","$103,368,602","$135,900,000",2022
700,tt3104988,Crazy Rich Asians,"$238,843,729","$174,837,452","$64,006,277",2018
701,tt0118688,Batman & Robin,"$238,235,719","$107,353,792","$130,881,927",1997
702,tt0347149,Howl's Moving Castle,"$237,536,126","$6,789,268","$230,746,858",2004
703,tt1320261,Gulliver's Travels,"$237,382,724","$42,779,261","$194,603,463",2010
704,tt0187078,Gone in 60 Seconds,"$237,202,299","$101,648,571","$135,553,728",2000
705,tt0076666,Saturday Night Fever,"$237,113,184","$94,213,184","$142,900,000",1977
706,tt9362722,Spider-Man: Across the Spider-Verse,"$236,613,711","$148,712,488","$87,901,223",2023
707,tt1045658,Silver Linings Playbook,"$236,412,453","$132,092,958","$104,319,495",2012
708,tt0322259,2 Fast 2 Furious,"$236,350,661","$127,154,901","$109,195,760",2003
709,tt4846340,Hidden Figures,"$235,956,898","$169,607,287","$66,349,611",2016
710,tt0212720,A.I. Artificial Intelligence,"$235,926,552","$78,616,689","$157,309,863",2001
711,tt0097165,Dead Poets Society,"$235,860,116","$95,860,116","$140,000,000",1989
712,tt3079380,Spy,"$235,666,219","$110,825,712","$124,840,507",2015
713,tt0163651,American Pie,"$235,483,004","$102,561,004","$132,922,000",1999
714,tt1605630,American Reunion,"$234,989,584","$57,011,521","$177,978,063",2012
715,tt0142342,Big Daddy,"$234,801,895","$163,479,795","$71,322,100",1999
716,tt2974918,Alvin and the Chipmunks: The Road Chip,"$234,798,636","$85,886,987","$148,911,649",2015
717,tt2084970,The Imitation Game,"$233,555,708","$91,125,683","$142,430,025",2014
718,tt3228774,Cruella,"$233,503,234","$86,103,234","$147,400,000",2021
719,tt0970416,The Day the Earth Stood Still,"$233,093,859","$79,366,978","$153,726,881",2008
720,tt0328828,American Wedding,"$232,722,935","$104,565,114","$128,157,821",2003
721,tt1568346,The Girl with the Dragon Tattoo,"$232,617,430","$102,515,793","$130,101,637",2011
722,tt0467406,Juno,"$232,372,681","$143,495,265","$88,877,416",2007
723,tt1024648,Argo,"$232,325,503","$136,025,503","$96,300,000",2012
724,tt0453451,Mr. Bean's Holiday,"$232,225,908","$33,302,167","$198,923,741",2007
725,tt0116209,The English Patient,"$231,976,425","$78,676,425","$153,300,000",1996
726,tt0105417,Sister Act,"$231,605,150","$139,605,150","$92,000,000",1992
727,tt8350360,Annabelle Comes Home,"$231,252,591","$74,152,591","$157,100,000",2019
728,tt0360486,Constantine,"$230,884,728","$75,976,178","$154,908,550",2005
729,tt0425061,Get Smart,"$230,685,453","$130,319,208","$100,366,245",2008
730,tt0117705,Space Jam,"$230,594,962","$90,594,962","$140,000,000",1996
731,tt0118799,Life Is Beautiful,"$230,099,013","$57,563,264","$172,535,749",1998
732,tt2404463,The Heat,"$229,930,771","$159,582,188","$70,348,583",2013
733,tt1289401,Ghostbusters,"$229,147,509","$128,350,574","$100,796,935",2016
734,tt0259324,Ghost Rider,"$228,738,393","$115,802,596","$112,935,797",2007
735,tt5061814,Goodbye Mr. Loser,"$228,122,928","$1,293,626","$226,829,302",2015
736,tt4468740,Paddington 2,"$227,994,792","$40,907,738","$187,087,054",2017
737,tt0108160,Sleepless in Seattle,"$227,927,165","$126,808,165","$101,119,000",1993
738,tt0097733,Lethal Weapon 2,"$227,853,986","$147,253,986","$80,600,000",1989
739,tt0990407,The Green Hornet,"$227,817,248","$98,780,042","$129,037,206",2011
740,tt0089755,Out of Africa,"$227,514,205","$87,071,205","$140,443,000",1985
741,tt0319343,Elf,"$227,356,156","$178,053,220","$49,302,936",2003
742,tt6654316,Youth,"$227,091,290","$1,891,956","$225,199,334",2017
743,tt3890160,Baby Driver,"$226,945,087","$107,825,862","$119,119,225",2017
744,tt1253864,Immortals,"$226,904,017","$83,504,017","$143,400,000",2011
745,tt0936501,Taken,"$226,837,760","$145,000,989","$81,836,771",2008
746,tt0814255,Percy Jackson & the Olympians: The Lightning Thief,"$226,497,209","$88,768,303","$137,728,906",2010
747,tt10298810,Lightyear,"$226,425,420","$118,307,188","$108,118,232",2022
748,tt1428538,Hansel & Gretel: Witch Hunters,"$226,349,749","$55,703,475","$170,646,274",2013
749,tt2239822,Valerian and the City of a Thousand Planets,"$225,973,340","$41,189,488","$184,783,852",2017
750,tt0119217,Good Will Hunting,"$225,933,435","$138,433,435","$87,500,000",1997
751,tt9586294,Better Days,"$225,918,798","$1,921,657","$223,997,141",2019
752,tt1950186,Ford v Ferrari,"$225,508,210","$117,624,357","$107,883,853",2019
753,tt0489099,Jumper,"$225,132,113","$80,172,128","$144,959,985",2008
754,tt1285016,The Social Network,"$224,920,375","$96,962,694","$127,957,681",2010
755,tt0120630,Chicken Run,"$224,874,811","$106,834,564","$118,040,247",2000
756,tt0118880,Con Air,"$224,012,234","$101,117,573","$122,894,661",1997
757,tt0110148,Interview with the Vampire: The Vampire Chronicles,"$223,664,608","$105,264,608","$118,400,000",1994
758,tt0408790,Flightplan,"$223,387,299","$89,707,299","$133,680,000",2005
759,tt1068680,Yes Man,"$223,241,637","$97,690,976","$125,550,661",2008
760,tt2024469,Non-Stop,"$222,809,600","$92,168,600","$130,641,000",2014
761,tt0097523,"Honey, I Shrunk the Kids","$222,724,172","$130,724,172","$92,000,000",1989
762,tt0361596,Fahrenheit 9/11,"$222,446,882","$119,194,771","$103,252,111",2004
763,tt0120891,Wild Wild West,"$222,104,681","$113,804,681","$108,300,000",1999
764,tt15465312,"My Country, My Parents","$221,831,086","$177,133","$221,653,953",2021
765,tt1981128,Geostorm,"$221,600,160","$33,700,160","$187,900,000",2017
766,tt0100404,Presumed Innocent,"$221,303,188","$86,303,188","$135,000,000",1990
767,tt0870154,Jungle Cruise,"$220,889,446","$116,987,516","$103,901,930",2021
768,tt0306047,Scary Movie 3,"$220,673,217","$110,003,217","$110,670,000",2003
769,tt0369339,Collateral,"$220,239,925","$101,005,703","$119,234,222",2004
770,tt3062096,Inferno,"$220,021,259","$34,343,574","$185,677,685",2016
771,tt0478311,Knocked Up,"$219,922,417","$148,768,917","$71,153,500",2007
772,tt1133985,Green Lantern,"$219,851,172","$116,601,172","$103,250,000",2011
773,tt1033643,What Happens in Vegas,"$219,375,562","$80,277,646","$139,097,916",2008
774,tt1230414,It's Complicated,"$219,103,655","$112,735,375","$106,368,280",2009
775,tt0362227,The Terminal,"$219,100,084","$77,872,883","$141,227,201",2004
776,tt3281548,Little Women,"$218,843,645","$108,101,214","$110,742,431",2019
777,tt1535109,Captain Phillips,"$218,791,811","$107,100,855","$111,690,956",2013
778,tt0120794,The Prince of Egypt,"$218,613,188","$101,413,188","$117,200,000",1998
779,tt0790724,Jack Reacher,"$218,340,595","$80,070,736","$138,269,859",2012
780,tt0320661,Kingdom of Heaven,"$218,122,627","$47,398,413","$170,724,214",2005
781,tt4877122,The Emoji Movie,"$217,776,646","$86,089,513","$131,687,133",2017
782,tt15474916,Smile,"$217,408,513","$105,935,048","$111,473,465",2022
783,tt16254308,Too Cool to Kill,"$217,254,604","$185,882","$217,068,722",2022
784,tt0829150,Dracula Untold,"$217,124,280","$56,280,355","$160,843,925",2014
785,tt1489889,Central Intelligence,"$216,972,543","$127,440,871","$89,531,672",2016
786,tt0405159,Million Dollar Baby,"$216,763,646","$100,492,203","$116,271,443",2004
787,tt1454029,The Help,"$216,639,112","$169,708,112","$46,931,000",2011
788,tt0096320,Twins,"$216,614,388","$111,938,388","$104,676,000",1988
789,tt0817230,Valentine's Day,"$216,528,528","$110,528,528","$106,000,000",2010
790,tt1284575,Bad Teacher,"$216,197,492","$100,292,856","$115,904,636",2011
791,tt12497408,A Little Red Flower,"$216,000,000",-,"$216,000,000",2020
792,tt2850386,The Croods: A New Age,"$215,905,815","$58,568,815","$157,337,000",2020
793,tt0109444,Clear and Present Danger,"$215,887,717","$122,187,717","$93,700,000",1994
794,tt0055254,One Hundred and One Dalmatians,"$215,880,014","$144,880,014","$71,000,000",1961
795,tt2637276,Ted 2,"$215,863,606","$81,476,385","$134,387,221",2015
796,tt0103874,Bram Stoker's Dracula,"$215,862,692","$82,522,790","$133,339,902",1992
797,tt0190865,Vertical Limit,"$215,663,859","$69,243,859","$146,420,000",2000
798,tt0097428,Ghostbusters II,"$215,394,738","$112,494,738","$102,900,000",1989
799,tt0187393,The Patriot,"$215,294,342","$113,330,342","$101,964,000",2000
800,tt0963966,The Sorcerer's Apprentice,"$215,283,742","$63,150,991","$152,132,751",2010
801,tt1564367,Just Go with It,"$214,945,591","$103,028,109","$111,917,482",2011
802,tt2333784,The Expendables 3,"$214,657,577","$39,322,544","$175,335,033",2014
803,tt0092890,Dirty Dancing,"$214,577,242","$64,577,242","$150,000,000",1987
804,tt6343314,Creed II,"$214,215,889","$115,715,889","$98,500,000",2018
805,tt6182908,Smallfoot,"$214,115,531","$83,315,531","$130,800,000",2018
806,tt1152836,Public Enemies,"$214,104,620","$97,104,620","$117,000,000",2009
807,tt0258463,The Bourne Identity,"$214,034,224","$121,661,683","$92,372,541",2002
808,tt0109635,Disclosure,"$214,015,089","$83,015,089","$131,000,000",1994
809,tt0190332,"Crouching Tiger, Hidden Dragon","$213,977,285","$128,530,421","$85,446,864",2000
810,tt0110912,Pulp Fiction,"$213,928,762","$107,928,762","$106,000,000",1994
811,tt0338751,The Aviator,"$213,719,942","$102,610,330","$111,109,612",2004
812,tt0112573,Braveheart,"$213,216,216","$75,609,945","$137,606,271",1995
813,tt2180411,Into the Woods,"$212,902,372","$128,002,372","$84,900,000",2014
814,tt0960731,Bedtime Stories,"$212,874,864","$110,101,975","$102,772,889",2008
815,tt0212346,Miss Congeniality,"$212,742,720","$106,807,667","$105,935,053",2000
816,tt0137494,Entrapment,"$212,404,396","$87,704,396","$124,700,000",1999
817,tt0112281,Ace Ventura: When Nature Calls,"$212,385,533","$108,385,533","$104,000,000",1995
818,tt0146675,End of Days,"$211,989,043","$66,889,043","$145,100,000",1999
819,tt1473832,Bridget Jones's Baby,"$211,952,420","$24,252,420","$187,700,000",2016
820,tt2713180,Fury,"$211,822,697","$85,817,906","$126,004,791",2014
821,tt1217613,Battle Los Angeles,"$211,819,354","$83,552,429","$128,266,925",2011
822,tt0455824,Australia,"$211,787,511","$49,554,002","$162,233,509",2008
823,tt1231583,Due Date,"$211,780,824","$100,539,043","$111,241,781",2010
824,tt0311113,Master and Commander: The Far Side of the World,"$211,622,535","$93,927,920","$117,694,615",2003
825,tt0339291,A Series of Unfortunate Events,"$211,468,235","$118,634,549","$92,833,686",2004
826,tt0097757,The Little Mermaid,"$211,343,479","$111,543,479","$99,800,000",1989
827,tt15783462,Nice View,"$211,019,042",-,"$211,019,042",2022
828,tt1136608,District 9,"$210,888,950","$115,646,235","$95,242,715",2009
829,tt0079574,Moonraker,"$210,308,099","$70,308,099","$140,000,000",1979
830,tt0230600,The Others,"$209,947,037","$96,522,687","$113,424,350",2001
831,tt1499658,Horrible Bosses,"$209,838,559","$117,538,559","$92,300,000",2011
832,tt8033592,Us and Them,"$209,221,380",-,"$209,221,380",2018
833,tt0289765,Red Dragon,"$209,196,298","$93,149,898","$116,046,400",2002
834,tt1964418,Tomorrowland,"$209,035,668","$93,436,322","$115,599,346",2015
835,tt2674426,Me Before You,"$208,314,186","$56,245,075","$152,069,111",2016
836,tt2906216,Dungeons & Dragons: Honor Among Thieves,"$208,177,026","$93,277,026","$114,900,000",2023
837,tt1599348,Safe House,"$208,076,205","$126,373,434","$81,702,771",2012
838,tt0257076,S.W.A.T.,"$207,725,639","$116,934,650","$90,790,989",2003
839,tt8912936,DC League of Super-Pets,"$207,557,117","$93,657,117","$113,900,000",2022
840,tt0232500,The Fast and the Furious,"$207,517,509","$144,745,925","$62,771,584",2001
841,tt0181865,Traffic,"$207,515,725","$124,115,725","$83,400,000",2000
842,tt1778304,Paranormal Activity 3,"$207,039,844","$104,028,807","$103,011,037",2011
843,tt0107818,Philadelphia,"$206,678,440","$77,446,440","$129,232,000",1993
844,tt7069210,The Conjuring: The Devil Made Me Do It,"$206,431,050","$65,631,050","$140,800,000",2021
845,tt0162661,Sleepy Hollow,"$206,071,502","$101,071,502","$105,000,000",1999
846,tt0457939,The Holiday,"$205,850,169","$63,224,849","$142,625,320",2006
847,tt0061852,The Jungle Book,"$205,843,612","$141,843,612","$64,000,000",1967
848,tt8165192,Raging Fire,"$205,842,393","$385,305","$205,457,088",2021
849,tt3300542,London Has Fallen,"$205,754,447","$62,524,260","$143,230,187",2016
850,tt0452594,The Break-Up,"$205,668,210","$118,703,275","$86,964,935",2006
851,tt2017561,Journey to the West,"$205,637,183","$18,058","$205,619,125",2013
852,tt1142988,The Ugly Truth,"$205,599,393","$88,915,214","$116,684,179",2009
853,tt0102138,JFK,"$205,405,498","$70,405,498","$135,000,000",1991
854,tt7713068,Birds of Prey,"$205,372,791","$84,172,791","$121,200,000",2020
855,tt2334879,White House Down,"$205,366,737","$73,103,784","$132,262,953",2013
856,tt1753383,A Dog's Purpose,"$205,035,819","$64,508,620","$140,527,199",2017
857,tt0876563,Ponyo,"$204,826,668","$15,743,471","$189,083,197",2008
858,tt0369441,Fun with Dick and Jane,"$204,681,899","$110,332,737","$94,349,162",2005
859,tt0879870,Eat Pray Love,"$204,594,016","$80,574,010","$124,020,006",2010
860,tt1620981,The Addams Family,"$204,394,183","$100,723,831","$103,670,352",2019
861,tt4513678,Ghostbusters: Afterlife,"$204,334,455","$129,360,575","$74,973,880",2021
862,tt0960144,You Don't Mess with the Zohan,"$204,313,400","$100,018,837","$104,294,563",2008
863,tt0427327,Hairspray,"$203,627,753","$118,946,291","$84,681,462",2007
864,tt0349683,King Arthur,"$203,567,857","$51,882,244","$151,685,613",2004
865,tt1302067,Yogi Bear,"$203,509,374","$100,246,011","$103,263,363",2010
866,tt2719848,Everest,"$203,427,584","$43,482,270","$159,945,314",2015
867,tt0259711,Vanilla Sky,"$203,388,341","$100,618,344","$102,769,997",2001
868,tt2543164,Arrival,"$203,388,186","$100,546,139","$102,842,047",2016
869,tt2369135,Need for Speed,"$203,277,636","$43,577,636","$159,700,000",2014
870,tt0356634,Garfield,"$203,172,417","$75,369,589","$127,802,828",2004
871,tt0129290,Patch Adams,"$202,292,902","$135,026,902","$67,266,000",1998
872,tt0100758,Teenage Mutant Ninja Turtles,"$202,084,756","$135,384,756","$66,700,000",1990
873,tt0099938,Kindergarten Cop,"$201,957,688","$91,457,688","$110,500,000",1990
874,tt1398426,Straight Outta Compton,"$201,634,991","$161,197,785","$40,437,206",2015
875,tt1232829,21 Jump Street,"$201,585,328","$138,447,667","$63,137,661",2012
876,tt0985699,Valkyrie,"$201,545,517","$83,077,833","$118,467,684",2008
877,tt0400717,Open Season,"$200,811,689","$85,105,259","$115,706,430",2006
878,tt0239395,Cats & Dogs,"$200,687,492","$93,385,515","$107,301,977",2001
879,tt0099810,The Hunt for Red October,"$200,512,643","$122,012,643","$78,500,000",1990
880,tt1854564,Percy Jackson: Sea of Monsters,"$199,850,315","$68,559,554","$131,290,761",2013
881,tt3513498,The Lego Movie 2: The Second Part,"$199,603,202","$105,956,290","$93,646,912",2019
882,tt0313737,Two Weeks Notice,"$199,043,471","$93,354,851","$105,688,620",2002
883,tt1245526,RED,"$199,006,387","$90,380,162","$108,626,225",2010
884,tt9597838,Shock Wave 2,"$198,921,659",-,"$198,921,659",2020
885,tt0120632,City of Angels,"$198,685,114","$78,685,114","$120,000,000",1998
886,tt0395699,The Pacifier,"$198,636,868","$113,086,868","$85,550,000",2005
887,tt0343660,50 First Dates,"$198,520,934","$120,908,074","$77,612,860",2004
888,tt1386703,Total Recall,"$198,467,168","$58,877,969","$139,589,199",2012
889,tt8755316,The Island,"$198,326,350","$670,883","$197,655,467",2018
890,tt1649419,The Impossible,"$198,087,212","$19,019,882","$179,067,330",2012
891,tt2459022,Lost in Thailand,"$197,757,387","$57,387","$197,700,000",2012
892,tt4575576,Christopher Robin,"$197,744,377","$99,215,042","$98,529,335",2018
893,tt1351685,Jack the Giant Slayer,"$197,687,603","$65,187,603","$132,500,000",2013
894,tt2398241,Smurfs: The Lost Village,"$197,183,546","$45,020,282","$152,163,264",2017
895,tt13696296,Chinese Doctors,"$197,143,218",-,"$197,143,218",2021
896,tt0338459,Spy Kids 3: Game Over,"$197,101,678","$111,761,982","$85,339,696",2003
897,tt0258000,Panic Room,"$197,079,546","$96,397,334","$100,682,212",2002
898,tt2203939,The Other Woman,"$196,710,396","$83,911,193","$112,799,203",2014
899,tt0111282,Stargate,"$196,567,262","$71,567,262","$125,000,000",1994
900,tt0442933,Beowulf,"$196,393,745","$82,280,579","$114,113,166",2007
901,tt1606389,The Vow,"$196,114,570","$125,014,030","$71,100,540",2012
902,tt0305224,Anger Management,"$195,745,823","$135,645,823","$60,100,000",2003
903,tt0942385,Tropic Thunder,"$195,702,963","$110,515,313","$85,187,650",2008
904,tt5580390,The Shape of Water,"$195,333,312","$63,859,435","$131,473,877",2017
905,tt2066051,Rocketman,"$195,320,400","$96,368,160","$98,952,240",2019
906,tt0107798,The Pelican Brief,"$195,268,056","$100,768,056","$94,500,000",1993
907,tt3691740,The BFG,"$195,243,411","$55,483,770","$139,759,641",2016
908,tt6398184,Downton Abbey,"$194,694,725","$96,853,865","$97,840,860",2019
909,tt2361509,The Intern,"$194,564,672","$75,764,672","$118,800,000",2015
910,tt0312004,The Curse of the Were-Rabbit,"$194,137,091","$56,110,897","$138,026,194",2005
911,tt0377981,Gnomeo & Juliet,"$193,967,670","$99,967,670","$94,000,000",2011
912,tt0164184,The Sum of All Fears,"$193,921,372","$118,907,036","$75,014,336",2002
913,tt0217505,Gangs of New York,"$193,772,504","$77,812,000","$115,960,504",2002
914,tt6294822,The Post,"$193,764,664","$81,903,458","$111,861,206",2017
915,tt4591310,The Monkey King 2,"$193,678,298","$709,982","$192,968,316",2016
916,tt1179904,Paranormal Activity,"$193,355,800","$107,918,810","$85,436,990",2009
917,tt9426210,Weathering with You,"$192,951,441","$8,056,636","$184,894,805",2019
918,tt13320622,The Lost City,"$192,907,684","$105,344,029","$87,563,655",2022
919,tt0455944,The Equalizer,"$192,330,738","$101,530,738","$90,800,000",2014
920,tt11210032,Sheep Without a Shepherd,"$191,602,146",-,"$191,602,146",2019
921,tt0101272,The Addams Family,"$191,502,426","$113,502,426","$78,000,000",1991
922,tt0398165,The Longest Yard,"$191,466,556","$158,119,460","$33,347,096",2005
923,tt0111070,The Santa Clause,"$190,539,357","$145,539,357","$45,000,000",1994
924,tt0349205,Cheaper by the Dozen,"$190,538,630","$138,614,544","$51,924,086",2003
925,tt3766354,The Equalizer 2,"$190,400,157","$102,084,362","$88,315,795",2018
926,tt6324278,Abominable,"$190,304,772","$61,270,390","$129,034,382",2019
927,tt0164052,Hollow Man,"$190,213,455","$73,209,340","$117,004,115",2000
928,tt0114069,Outbreak,"$189,859,560","$67,659,560","$122,200,000",1995
929,tt8239806,The White Storm 2: Drug Lords,"$189,396,380","$609,461","$188,786,919",2019
930,tt0120902,The X Files,"$189,176,423","$83,898,313","$105,278,110",1998
931,tt3890264,Breakup Buddies,"$189,017,596","$777,896","$188,239,700",2014
932,tt0095956,Rambo III,"$189,015,611","$53,715,611","$135,300,000",1988
933,tt0359950,The Secret Life of Walter Mitty,"$188,133,322","$58,236,838","$129,896,484",2013
934,tt7183578,Project Gutenberg,"$188,116,796",-,"$188,116,796",2018
935,tt0077766,Jaws 2,"$187,884,007","$81,766,007","$106,118,000",1978
936,tt2024544,12 Years a Slave,"$187,733,202","$56,671,993","$131,061,209",2013
937,tt0113277,Heat,"$187,436,818","$67,436,818","$120,000,000",1995
938,tt1396218,Mr. Popper's Penguins,"$187,361,754","$68,224,452","$119,137,302",2011
939,tt0391198,The Grudge,"$187,281,115","$110,359,362","$76,921,753",2004
940,tt16183464,One Piece Film: Red,"$187,170,704","$12,775,324","$174,395,380",2022
941,tt0762107,I Now Pronounce You Chuck & Larry,"$187,134,117","$120,059,556","$67,074,561",2007
942,tt0119314,The Horse Whisperer,"$186,883,563","$75,383,563","$111,500,000",1998
943,tt0358273,Walk the Line,"$186,797,986","$119,519,402","$67,278,584",2005
944,tt4818250,Jian Bing Man,"$186,699,768",-,"$186,699,768",2015
945,tt0283426,The Jungle Book 2,"$186,303,759","$47,901,582","$138,402,177",2003
946,tt1144884,The Final Destination,"$186,167,139","$66,477,700","$119,689,439",2009
947,tt0230011,Atlantis: The Lost Empire,"$186,053,725","$84,056,472","$101,997,253",2001
948,tt0454848,Inside Man,"$186,003,591","$88,513,495","$97,490,096",2006
949,tt0120484,The Waterboy,"$185,991,646","$161,491,646","$24,500,000",1998
950,tt0970179,Hugo,"$185,770,310","$73,864,507","$111,905,803",2011
951,tt4765284,Pitch Perfect 3,"$185,400,345","$104,897,530","$80,502,815",2017
952,tt0409459,Watchmen,"$185,382,813","$107,509,799","$77,873,014",2009
953,tt0115685,The Birdcage,"$185,260,553","$124,060,553","$61,200,000",1996
954,tt0203009,Moulin Rouge!,"$184,935,320","$57,386,607","$127,548,713",2001
955,tt0029583,Snow White and the Seven Dwarfs,"$184,925,486","$184,925,486",$0,1937
956,tt1411704,Hop,"$184,367,145","$108,498,305","$75,868,840",2011
957,tt4651520,Bad Moms,"$183,936,074","$113,257,297","$70,678,777",2016
958,tt1617661,Jupiter Ascending,"$183,887,723","$47,387,723","$136,500,000",2015
959,tt0448011,Knowing,"$183,658,498","$79,957,634","$103,700,864",2007
960,tt0211181,102 Dalmatians,"$183,611,771","$66,957,026","$116,654,745",2000
961,tt4624424,Storks,"$183,510,278","$72,800,603","$110,709,675",2016
962,tt3331846,Stand by Me Doraemon,"$183,442,714",-,"$183,442,714",2014
963,tt1959563,The Hitman's Bodyguard,"$183,428,689","$75,468,583","$107,960,106",2017
964,tt1114740,Paul Blart: Mall Cop,"$183,348,429","$146,336,178","$37,012,251",2009
965,tt0105793,Wayne's World,"$183,097,323","$121,697,323","$61,400,000",1992
966,tt0110478,Maverick,"$183,031,272","$101,631,272","$81,400,000",1994
967,tt1667353,Mirror Mirror,"$183,018,522","$64,935,167","$118,083,355",2012
968,tt0120744,The Man in the Iron Mask,"$182,968,902","$56,968,902","$126,000,000",1998
969,tt0101540,Cape Fear,"$182,291,969","$79,091,969","$103,200,000",1991
970,tt0338094,The Haunted Mansion,"$182,290,266","$75,847,266","$106,443,000",2003
971,tt1717715,The Monkey King: Havoc in Heaven's Palace,"$182,206,924",-,"$182,206,924",2014
972,tt0114924,While You Were Sleeping,"$182,057,016","$81,057,016","$101,000,000",1995
973,tt0112579,The Bridges of Madison County,"$182,016,617","$71,516,617","$110,500,000",1995
974,tt5237980,From Vegas to Macau III,"$181,732,879",-,"$181,732,879",2016
975,tt0409182,Poseidon,"$181,674,817","$60,674,817","$121,000,000",2006
976,tt0116313,The First Wives Club,"$181,489,203","$105,489,203","$76,000,000",1996
977,tt11448076,Cliff Walkers,"$181,325,565","$152,972","$181,172,593",2021
978,tt0331632,Scooby-Doo 2: Monsters Unleashed,"$181,239,132","$84,239,132","$97,000,000",2004
979,tt0102059,Hot Shots!,"$181,096,164","$69,467,617","$111,628,547",1991
980,tt0257044,Road to Perdition,"$181,001,478","$104,454,762","$76,546,716",2002
981,tt0266697,Kill Bill: Vol. 1,"$180,906,076","$70,099,045","$110,807,031",2003
982,tt0277296,The Scorpion King,"$180,630,907","$91,047,077","$89,583,830",2002
983,tt0256415,Sweet Home Alabama,"$180,622,424","$127,223,418","$53,399,006",2002
984,tt5657846,Daddy's Home 2,"$180,613,824","$104,029,443","$76,584,381",2017
985,tt2119532,Hacksaw Ridge,"$180,563,636","$67,209,615","$113,354,021",2016
986,tt0453467,Deja Vu,"$180,557,550","$64,038,616","$116,518,934",2006
987,tt0112792,Dangerous Minds,"$179,519,401","$84,919,401","$94,600,000",1995
988,tt1645170,The Dictator,"$179,379,533","$59,650,222","$119,729,311",2012
989,tt0311429,The League of Extraordinary Gentlemen,"$179,265,204","$66,465,204","$112,800,000",2003
990,tt3410834,Allegiant,"$179,246,868","$66,184,051","$113,062,817",2016
991,tt0287978,Daredevil,"$179,179,718","$102,543,518","$76,636,200",2003
992,tt0101587,City Slickers,"$179,033,791","$124,033,791","$55,000,000",1991
993,tt1001508,He's Just Not That Into You,"$178,866,158","$93,953,653","$84,912,505",2009
994,tt1059786,Eagle Eye,"$178,767,383","$101,440,743","$77,326,640",2008
995,tt0343135,Along Came Polly,"$178,311,729","$88,097,164","$90,214,565",2004
996,tt0424095,Flushed Away,"$178,281,554","$64,665,672","$113,615,882",2006
997,tt0362120,Scary Movie 4,"$178,262,620","$90,710,620","$87,552,000",2006
998,tt0118928,Dante's Peak,"$178,127,760","$67,127,760","$111,000,000",1997
999,tt0388795,Brokeback Mountain,"$178,062,759","$83,043,761","$95,018,998",2005
